<?xml version="1.0" encoding="UTF-8"?>
<report version="1.0" kind="exception">
  <system description="Windows 11 (build 22635), 64-bit edition"/>
  <modules>
    <module path="c:\program files\xlights\xlights.exe" address="0x7ff60c3c0000" size="0x2a66000"/>
    <module path="C:\Windows\SYSTEM32\ntdll.dll" address="0x7ffd982f0000" size="0x217000" version="10.0.22621.2706"/>
    <module path="C:\Windows\System32\KERNEL32.DLL" address="0x7ffd97930000" size="0xc4000" version="10.0.22621.2841"/>
    <module path="C:\Windows\System32\KERNELBASE.dll" address="0x7ffd95660000" size="0x3a6000" version="10.0.22621.2841"/>
    <module path="C:\Windows\System32\USER32.dll" address="0x7ffd96890000" size="0x1ae000" version="10.0.22621.2706"/>
    <module path="C:\Windows\System32\win32u.dll" address="0x7ffd95bf0000" size="0x26000" version="10.0.22621.2706"/>
    <module path="C:\Windows\System32\GDI32.dll" address="0x7ffd96040000" size="0x29000" version="10.0.22621.2841"/>
    <module path="C:\Windows\System32\gdi32full.dll" address="0x7ffd95a10000" size="0x118000" version="10.0.22621.2841"/>
    <module path="C:\Windows\System32\msvcp_win.dll" address="0x7ffd95e00000" size="0x9a000" version="10.0.22621.2706"/>
    <module path="C:\Windows\System32\ucrtbase.dll" address="0x7ffd95f20000" size="0x111000" version="10.0.22621.2706"/>
    <module path="C:\Windows\System32\ADVAPI32.dll" address="0x7ffd96630000" size="0xb1000" version="10.0.22621.2841"/>
    <module path="C:\Windows\System32\msvcrt.dll" address="0x7ffd96dc0000" size="0xa7000" version="7.0.22621.2706"/>
    <module path="C:\Windows\System32\sechost.dll" address="0x7ffd97b70000" size="0xa5000" version="10.0.22621.2841"/>
    <module path="C:\Windows\System32\RPCRT4.dll" address="0x7ffd97a00000" size="0x117000" version="10.0.22621.2841"/>
    <module path="C:\Windows\System32\ole32.dll" address="0x7ffd966f0000" size="0x1a0000" version="10.0.22621.2706"/>
    <module path="C:\Windows\System32\combase.dll" address="0x7ffd962a0000" size="0x389000" version="10.0.22621.2841"/>
    <module path="C:\Windows\System32\WS2_32.dll" address="0x7ffd96a50000" size="0x71000" version="10.0.22621.1"/>
    <module path="C:\Windows\System32\SHLWAPI.dll" address="0x7ffd96e70000" size="0x5e000" version="10.0.22621.2706"/>
    <module path="C:\Windows\SYSTEM32\MSVCP140.dll" address="0x7ffd818b0000" size="0x8d000" version="14.38.33130.0"/>
    <module path="C:\Windows\WinSxS\amd64_microsoft.windows.common-controls_6595b64144ccf1df_6.0.22621.2706_none_270c5aa17388e1a2\COMCTL32.dll" address="0x7ffd88c10000" size="0x293000" version="6.10.22621.2706"/>
    <module path="C:\Windows\System32\COMDLG32.dll" address="0x7ffd97830000" size="0xf9000" version="10.0.22621.2706"/>
    <module path="C:\Windows\SYSTEM32\OLEACC.dll" address="0x7ffd88af0000" size="0x69000" version="7.2.22621.1"/>
    <module path="C:\Windows\System32\shcore.dll" address="0x7ffd96ed0000" size="0xf3000" version="10.0.22621.2841"/>
    <module path="C:\Windows\System32\SHELL32.dll" address="0x7ffd96fd0000" size="0x859000" version="10.0.22621.2841"/>
    <module path="C:\Windows\SYSTEM32\UxTheme.dll" address="0x7ffd92a80000" size="0xab000" version="10.0.22621.2706"/>
    <module path="C:\Windows\System32\OLEAUT32.dll" address="0x7ffd96c80000" size="0xd7000" version="10.0.22621.2706"/>
    <module path="c:\program files\xlights\hidapi.dll" address="0x7ffcaffc0000" size="0x1e000"/>
    <module path="C:\Windows\SYSTEM32\IPHLPAPI.DLL" address="0x7ffd94110000" size="0x2d000" version="10.0.22621.1"/>
    <module path="C:\Windows\System32\SETUPAPI.dll" address="0x7ffd97e30000" size="0x474000" version="10.0.22621.2706"/>
    <module path="c:\program files\xlights\avutil-57.dll" address="0x7ffc80220000" size="0x23d000" version="57.19.100.0"/>
    <module path="c:\program files\xlights\avcodec-59.dll" address="0x7ffc7cbc0000" size="0x3660000" version="59.20.100.0"/>
    <module path="c:\program files\xlights\avformat-59.dll" address="0x7ffc70c70000" size="0xc73000" version="59.17.101.0"/>
    <module path="C:\Windows\System32\CRYPT32.dll" address="0x7ffd95c20000" size="0x166000" version="10.0.22621.2706"/>
    <module path="c:\program files\xlights\swresample-4.dll" address="0x7ffca2740000" size="0xd0000" version="4.4.100.0"/>
    <module path="C:\Windows\SYSTEM32\VCRUNTIME140.dll" address="0x7ffd81ec0000" size="0x1d000" version="14.38.33130.0"/>
    <module path="C:\Windows\SYSTEM32\VCRUNTIME140_1.dll" address="0x7ffd817e0000" size="0xc000" version="14.38.33130.0"/>
    <module path="C:\Windows\SYSTEM32\VERSION.dll" address="0x7ffd8d8f0000" size="0xa000" version="10.0.22621.1"/>
    <module path="C:\Windows\SYSTEM32\MSIMG32.dll" address="0x7ffd89070000" size="0x7000" version="10.0.22621.2706"/>
    <module path="C:\Windows\SYSTEM32\OPENGL32.dll" address="0x7ffc98830000" size="0x100000" version="10.0.22621.2706"/>
    <module path="C:\Windows\SYSTEM32\WINSPOOL.DRV" address="0x7ffd88b60000" size="0xa8000" version="10.0.22621.2706"/>
    <module path="C:\Windows\SYSTEM32\bcrypt.dll" address="0x7ffd94ff0000" size="0x28000" version="10.0.22621.2706"/>
    <module path="C:\Windows\SYSTEM32\CFGMGR32.dll" address="0x7ffd95350000" size="0x4e000" version="10.0.22621.2706"/>
    <module path="C:\Windows\SYSTEM32\MFPlat.DLL" address="0x7ffd8ed80000" size="0x1ce000" version="10.0.22621.2706"/>
    <module path="C:\Windows\SYSTEM32\USERENV.dll" address="0x7ffd94c50000" size="0x2c000" version="10.0.22621.2706"/>
    <module path="C:\Windows\SYSTEM32\Secur32.dll" address="0x7ffd944e0000" size="0xc000" version="10.0.22621.1"/>
    <module path="C:\Windows\SYSTEM32\GLU32.dll" address="0x7ffd4e780000" size="0x2d000" version="10.0.22621.2706"/>
    <module path="C:\Windows\SYSTEM32\SSPICLI.DLL" address="0x7ffd94970000" size="0x42000" version="10.0.22621.2841"/>
    <module path="C:\Windows\SYSTEM32\dxcore.dll" address="0x7ffd92d70000" size="0x36000" version="10.0.22621.2706"/>
    <module path="c:\program files\xlights\swscale-6.dll" address="0x7ffc9ee10000" size="0xbd000" version="6.5.100.0"/>
    <module path="c:\program files\xlights\SDL2.dll" address="0x6c740000" size="0x151000" version="2.0.8.0"/>
    <module path="C:\Windows\System32\IMM32.dll" address="0x7ffd97df0000" size="0x31000" version="10.0.22621.2841"/>
    <module path="C:\Windows\SYSTEM32\WINMM.dll" address="0x7ffd8e7e0000" size="0x34000" version="10.0.22621.2706"/>
    <module path="c:\program files\xlights\libcurl-x64.dll" address="0x7ffc70730000" size="0x538000" version="7.80.0.0"/>
    <module path="C:\Windows\System32\WLDAP32.dll" address="0x7ffd96b60000" size="0x62000" version="10.0.22621.2706"/>
    <module path="C:\Windows\SYSTEM32\kernel.appcore.dll" address="0x7ffd94710000" size="0x18000" version="10.0.22621.2841"/>
    <module path="C:\Windows\System32\bcryptPrimitives.dll" address="0x7ffd95ea0000" size="0x7a000" version="10.0.22621.2706"/>
    <module path="C:\Windows\SYSTEM32\RTWorkQ.DLL" address="0x7ffd8ec40000" size="0x33000" version="10.0.22621.1"/>
    <module path="C:\Windows\SYSTEM32\CRYPTSP.dll" address="0x7ffd94db0000" size="0x1b000" version="10.0.22621.2706"/>
    <module path="C:\Windows\system32\rsaenh.dll" address="0x7ffd94670000" size="0x35000" version="10.0.22621.1"/>
    <module path="C:\Windows\SYSTEM32\CRYPTBASE.dll" address="0x7ffd94dd0000" size="0xc000" version="10.0.22621.1"/>
    <module path="C:\Windows\SYSTEM32\DEVOBJ.dll" address="0x7ffd95320000" size="0x2c000" version="10.0.22621.2706"/>
    <module path="C:\Windows\System32\WINTRUST.dll" address="0x7ffd95d90000" size="0x6b000" version="10.0.22621.2841"/>
    <module path="C:\Windows\SYSTEM32\MSASN1.dll" address="0x7ffd95300000" size="0x12000" version="10.0.22621.2706"/>
    <module path="C:\Windows\System32\clbcatq.dll" address="0x7ffd96bd0000" size="0xb0000" version="2001.12.10941.16384"/>
    <module path="C:\Windows\System32\MMDevApi.dll" address="0x7ffd8b160000" size="0x9d000" version="10.0.22621.2706"/>
    <module path="C:\Windows\SYSTEM32\DSOUND.DLL" address="0x7ffc91d30000" size="0xa2000" version="10.0.22621.2706"/>
    <module path="C:\Windows\SYSTEM32\ResampleDmo.DLL" address="0x7ffc91c70000" size="0xb1000" version="10.0.22621.2706"/>
    <module path="C:\Windows\SYSTEM32\powrprof.dll" address="0x7ffd94470000" size="0x4d000" version="10.0.22621.2706"/>
    <module path="C:\Windows\SYSTEM32\winmmbase.dll" address="0x7ffd81870000" size="0x29000" version="10.0.22621.1"/>
    <module path="C:\Windows\SYSTEM32\msdmo.dll" address="0x7ffcde2c0000" size="0xb000" version="10.0.22621.1"/>
    <module path="C:\Windows\SYSTEM32\UMPDC.dll" address="0x7ffd94450000" size="0x13000" version="10.0.22621.1"/>
    <module path="C:\Windows\SYSTEM32\wdmaud.drv" address="0x7ffca4120000" size="0x46000" version="10.0.22621.1"/>
    <module path="C:\Windows\SYSTEM32\ksuser.dll" address="0x7ffcde230000" size="0x9000" version="10.0.22621.1"/>
    <module path="C:\Windows\SYSTEM32\AVRT.dll" address="0x7ffd8eb20000" size="0xb000" version="10.0.22621.2706"/>
    <module path="C:\Windows\SYSTEM32\AUDIOSES.DLL" address="0x7ffd87890000" size="0x1ec000" version="10.0.22621.2706"/>
    <module path="C:\Windows\SYSTEM32\msacm32.drv" address="0x7ffca82f0000" size="0xe000" version="10.0.22621.2706"/>
    <module path="C:\Windows\SYSTEM32\MSACM32.dll" address="0x7ffca4040000" size="0x1e000" version="10.0.22621.1"/>
    <module path="C:\Windows\SYSTEM32\midimap.dll" address="0x7ffca4030000" size="0xb000" version="10.0.22621.2706"/>
    <module path="C:\Windows\SYSTEM32\mfreadwrite.dll" address="0x7ffd2e9e0000" size="0x11f000" version="10.0.22621.2706"/>
    <module path="C:\Windows\SYSTEM32\d3d11.dll" address="0x7ffd90de0000" size="0x257000" version="10.0.22621.2706"/>
    <module path="C:\Windows\SYSTEM32\dxgi.dll" address="0x7ffd92bf0000" size="0xf8000" version="10.0.22621.2706"/>
    <module path="C:\Windows\System32\MSCTF.dll" address="0x7ffd96150000" size="0x150000" version="10.0.22621.2841"/>
    <module path="C:\Windows\SYSTEM32\textinputframework.dll" address="0x7ffd827d0000" size="0x14a000" version="10.0.22621.2841"/>
    <module path="C:\Windows\SYSTEM32\CoreMessaging.dll" address="0x7ffd91f50000" size="0x133000" version="10.0.22621.2706"/>
    <module path="C:\Windows\SYSTEM32\CoreUIComponents.dll" address="0x7ffd8d4a0000" size="0x36c000" version="10.0.22621.2706"/>
    <module path="C:\Windows\SYSTEM32\wintypes.dll" address="0x7ffd93400000" size="0x13e000" version="10.0.22621.2706"/>
    <module path="C:\Windows\SYSTEM32\windows.storage.dll" address="0x7ffd93540000" size="0x8f6000" version="10.0.22621.2841"/>
    <module path="C:\Windows\SYSTEM32\WindowsCodecs.dll" address="0x7ffd905c0000" size="0x1b0000" version="10.0.22621.2706"/>
    <module path="C:\Windows\SYSTEM32\profapi.dll" address="0x7ffd95590000" size="0x26000" version="10.0.22621.2706"/>
    <module path="C:\Windows\SYSTEM32\TextShaping.dll" address="0x7ffd57fd0000" size="0xb0000" version="10.0.22621.2706"/>
    <module path="C:\Windows\system32\explorerframe.dll" address="0x7ffd572f0000" size="0x2a9000" version="10.0.22621.2841"/>
    <module path="C:\Windows\system32\mswsock.dll" address="0x7ffd94b90000" size="0x69000" version="10.0.22621.2706"/>
    <module path="C:\Windows\SYSTEM32\DNSAPI.dll" address="0x7ffd94180000" size="0xf9000" version="10.0.22621.2706"/>
    <module path="C:\Windows\System32\NSI.dll" address="0x7ffd96a40000" size="0x9000" version="10.0.22621.1"/>
    <module path="C:\Program Files\Bonjour\mdnsNSP.dll" address="0x53430000" size="0x35000" version="2.0.2.0"/>
    <module path="C:\Windows\System32\rasadhlp.dll" address="0x7ffd8b0d0000" size="0xa000" version="10.0.22621.1"/>
    <module path="C:\Windows\System32\fwpuclnt.dll" address="0x7ffd8caf0000" size="0x83000" version="10.0.22621.2706"/>
    <module path="C:\Windows\System32\AppXDeploymentClient.dll" address="0x7ffd8de60000" size="0x135000" version="10.0.22621.2706"/>
    <module path="C:\Windows\System32\DriverStore\FileRepository\nv_dispi.inf_amd64_677da8a9230cea15\nvoglv64.dll" address="0x7ffc67cc0000" size="0x2bec000" version="31.0.15.4601"/>
    <module path="C:\Windows\SYSTEM32\WTSAPI32.dll" address="0x7ffd944c0000" size="0x14000" version="10.0.22621.1"/>
    <module path="C:\Windows\SYSTEM32\cryptnet.dll" address="0x7ffd8d8b0000" size="0x32000" version="10.0.22621.1"/>
    <module path="C:\Windows\SYSTEM32\drvstore.dll" address="0x7ffd8c990000" size="0x158000" version="10.0.22621.2706"/>
    <module path="C:\Windows\SYSTEM32\wldp.dll" address="0x7ffd94ed0000" size="0x4b000" version="10.0.22621.2841"/>
    <module path="C:\Windows\System32\imagehlp.dll" address="0x7ffd96130000" size="0x1f000" version="10.0.22621.1"/>
    <module path="C:\Windows\SYSTEM32\gpapi.dll" address="0x7ffd94c00000" size="0x26000" version="10.0.22621.2706"/>
    <module path="C:\Windows\System32\DriverStore\FileRepository\nv_dispi.inf_amd64_677da8a9230cea15\nvgpucomp64.dll" address="0x7ffd841d0000" size="0x21ee000" version="31.0.15.4601"/>
    <module path="C:\Windows\SYSTEM32\ntmarta.dll" address="0x7ffd94730000" size="0x34000" version="10.0.22621.1"/>
    <module path="C:\Windows\system32\nvspcap64.dll" address="0x7ffcddbd0000" size="0x2d1000" version="3.27.0.120"/>
    <module path="C:\Windows\SYSTEM32\dwmapi.dll" address="0x7ffd92d00000" size="0x2b000" version="10.0.22621.2771"/>
    <module path="C:\Windows\SYSTEM32\WINSTA.dll" address="0x7ffd94090000" size="0x66000" version="10.0.22621.2706"/>
    <module path="C:\Windows\system32\dataexchange.dll" address="0x7ffd575a0000" size="0x5e000" version="10.0.22621.2706"/>
    <module path="C:\Windows\system32\twinapi.appcore.dll" address="0x7ffd8f9a0000" size="0x288000" version="10.0.22621.2776"/>
    <module path="C:\Program Files\Common Files\microsoft shared\ink\tiptsf.dll" address="0x7ffcaff20000" size="0xa0000" version="10.0.22621.2706"/>
    <module path="C:\Windows\SYSTEM32\WINNSI.DLL" address="0x7ffd92d30000" size="0xd000" version="10.0.22621.1"/>
    <module path="C:\Windows\SYSTEM32\dhcpcsvc.DLL" address="0x7ffd8e0d0000" size="0x1f000" version="10.0.22621.2706"/>
    <module path="C:\Windows\SYSTEM32\d2d1.dll" address="0x7ffd91040000" size="0x5ee000" version="10.0.22621.2706"/>
    <module path="C:\Windows\SYSTEM32\dwrite.dll" address="0x7ffd90b60000" size="0x273000" version="10.0.22621.2706"/>
    <module path="C:\Windows\system32\napinsp.dll" address="0x7ffd883d0000" size="0x17000" version="10.0.22621.1"/>
    <module path="C:\Windows\system32\pnrpnsp.dll" address="0x7ffd634b0000" size="0x1b000" version="10.0.22621.1"/>
    <module path="C:\Windows\System32\winrnr.dll" address="0x7ffd883f0000" size="0x11000" version="10.0.22621.1"/>
    <module path="C:\Windows\system32\wshbth.dll" address="0x7ffd8d980000" size="0x15000" version="10.0.22621.2706"/>
    <module path="C:\Windows\system32\nlansp_c.dll" address="0x7ffd88600000" size="0x21000" version="10.0.22621.2706"/>
    <module path="C:\Windows\SYSTEM32\resourcepolicyclient.dll" address="0x7ffd93010000" size="0x15000" version="10.0.22621.1"/>
    <module path="C:\Windows\System32\Windows.UI.dll" address="0x7ffd824c0000" size="0x174000" version="10.0.22621.2706"/>
    <module path="C:\Windows\SYSTEM32\dbghelp.dll" address="0x7ffd89de0000" size="0x233000" version="10.0.22621.2706"/>
    <module path="C:\Windows\SYSTEM32\dbgcore.DLL" address="0x7ffd714e0000" size="0x32000" version="10.0.22621.1"/>
  </modules>
  <context>
    <exception code="0xc0000005" name="ACCESS_VIOLATION" address="0x7ff60d1725bc"/>
  </context>
  <stack>
    <frame level="0" function="pcre2_get_startchar_16" offset="0x8dfdc" address="0x7ff60d1725bc"/>
    <frame level="1" function="pcre2_set_recursion_memory_management_16" offset="0x44ec" address="0x7ff60c443d5c"/>
    <frame level="2" function="pcre2_set_recursion_memory_management_16" offset="0x43a0" address="0x7ff60c443c10"/>
    <frame level="3" function="pcre2_set_recursion_memory_management_16" offset="0xc942" address="0x7ff60c44c1b2"/>
    <frame level="4" function="pcre2_get_mark_16" offset="0xa98914" address="0x7ff60d093304"/>
    <frame level="5" function="pcre2_get_mark_16" offset="0xa8d40f" address="0x7ff60d087dff"/>
    <frame level="6" function="pcre2_get_mark_16" offset="0xa8e403" address="0x7ff60d088df3"/>
    <frame level="7" function="pcre2_get_mark_16" offset="0xa8d335" address="0x7ff60d087d25"/>
    <frame level="8" function="pcre2_get_mark_16" offset="0xa8d9be" address="0x7ff60d0883ae"/>
    <frame level="9" function="pcre2_get_mark_16" offset="0xa9a577" address="0x7ff60d094f67"/>
    <frame level="10" function="pcre2_get_startchar_16" offset="0x44ef4" address="0x7ff60d1294d4"/>
    <frame level="11" function="pcre2_get_startchar_16" offset="0x4512a" address="0x7ff60d12970a"/>
    <frame level="12" function="pcre2_get_mark_16" offset="0xa997e7" address="0x7ff60d0941d7"/>
    <frame level="13" function="pcre2_get_startchar_16" offset="0x3dd4c" address="0x7ff60d12232c"/>
    <frame level="14" function="pcre2_get_mark_16" offset="0xab7208" address="0x7ff60d0b1bf8"/>
    <frame level="15" function="pcre2_set_substitute_callout_16" offset="0x32a36e" address="0x7ff60d4e224e"/>
    <frame level="16" function="BaseThreadInitThunk" offset="0x1d" address="0x7ffd9794257d"/>
    <frame level="17" function="RtlUserThreadStart" offset="0x28" address="0x7ffd9834aa58"/>
  </stack>
</report>
