<?xml version="1.0" encoding="UTF-8"?>
<report version="1.0" kind="exception">
  <system description="Windows 11 (build 22631), 64-bit edition"/>
  <modules>
    <module path="C:\Program Files\xLights\xLights.exe" address="0x7ff7524f0000" size="0x2995000"/>
    <module path="C:\Windows\SYSTEM32\ntdll.dll" address="0x7ffe23a30000" size="0x217000" version="10.0.22621.2271"/>
    <module path="C:\Windows\System32\KERNEL32.DLL" address="0x7ffe22a90000" size="0xc4000" version="10.0.22621.2199"/>
    <module path="C:\Windows\System32\KERNELBASE.dll" address="0x7ffe212b0000" size="0x3a5000" version="10.0.22621.2265"/>
    <module path="C:\Windows\System32\USER32.dll" address="0x7ffe23710000" size="0x1ae000" version="10.0.22621.2050"/>
    <module path="C:\Windows\System32\win32u.dll" address="0x7ffe210c0000" size="0x26000" version="10.0.22621.2115"/>
    <module path="C:\Windows\System32\GDI32.dll" address="0x7ffe238c0000" size="0x29000" version="10.0.22621.2199"/>
    <module path="C:\Windows\System32\gdi32full.dll" address="0x7ffe210f0000" size="0x118000" version="10.0.22621.2199"/>
    <module path="C:\Windows\System32\msvcp_win.dll" address="0x7ffe21210000" size="0x9a000" version="10.0.22621.436"/>
    <module path="C:\Windows\System32\ucrtbase.dll" address="0x7ffe20e30000" size="0x111000" version="10.0.22621.436"/>
    <module path="C:\Windows\System32\ADVAPI32.dll" address="0x7ffe23610000" size="0xb0000" version="10.0.22621.2115"/>
    <module path="C:\Windows\System32\msvcrt.dll" address="0x7ffe233c0000" size="0xa7000" version="7.0.22621.436"/>
    <module path="C:\Windows\System32\sechost.dll" address="0x7ffe21dd0000" size="0xa6000" version="10.0.22621.2115"/>
    <module path="C:\Windows\System32\RPCRT4.dll" address="0x7ffe23470000" size="0x117000" version="10.0.22621.2115"/>
    <module path="C:\Windows\System32\ole32.dll" address="0x7ffe22250000" size="0x19f000" version="10.0.22621.2129"/>
    <module path="C:\Windows\System32\combase.dll" address="0x7ffe223f0000" size="0x38a000" version="10.0.22621.2199"/>
    <module path="C:\Windows\System32\WS2_32.dll" address="0x7ffe21d50000" size="0x71000" version="10.0.22621.1"/>
    <module path="C:\Windows\SYSTEM32\MSVCP140.dll" address="0x7ffe19510000" size="0x8e000" version="14.32.31332.0"/>
    <module path="C:\Windows\System32\SHLWAPI.dll" address="0x7ffe229d0000" size="0x5e000" version="10.0.22621.1465"/>
    <module path="C:\Windows\WinSxS\amd64_microsoft.windows.common-controls_6595b64144ccf1df_6.0.22621.2191_none_2715cffb738043a6\COMCTL32.dll" address="0x7ffe12800000" size="0x293000" version="6.10.22621.2191"/>
    <module path="C:\Windows\SYSTEM32\OLEACC.dll" address="0x7ffe12de0000" size="0x69000" version="7.2.22621.1"/>
    <module path="C:\Windows\System32\COMDLG32.dll" address="0x7ffe21fe0000" size="0xf9000" version="10.0.22621.2191"/>
    <module path="C:\Windows\System32\shcore.dll" address="0x7ffe238f0000" size="0xf3000" version="10.0.22621.2262"/>
    <module path="C:\Windows\SYSTEM32\UxTheme.dll" address="0x7ffe1e210000" size="0xab000" version="10.0.22621.1465"/>
    <module path="C:\Program Files\xLights\hidapi.dll" address="0x7ffe143b0000" size="0x1e000"/>
    <module path="C:\Windows\System32\SHELL32.dll" address="0x7ffe22b60000" size="0x858000" version="10.0.22621.2271"/>
    <module path="C:\Program Files\xLights\libcurl-x64.dll" address="0x7ffce5c60000" size="0x538000" version="7.80.0.0"/>
    <module path="C:\Windows\System32\CRYPT32.dll" address="0x7ffe20f50000" size="0x166000" version="10.0.22621.2199"/>
    <module path="C:\Windows\System32\OLEAUT32.dll" address="0x7ffe21790000" size="0xd7000" version="10.0.22621.2115"/>
    <module path="C:\Windows\System32\WLDAP32.dll" address="0x7ffe22120000" size="0x62000" version="10.0.22621.2199"/>
    <module path="C:\Windows\SYSTEM32\IPHLPAPI.DLL" address="0x7ffe1f8a0000" size="0x2d000" version="10.0.22621.1"/>
    <module path="C:\Windows\System32\SETUPAPI.dll" address="0x7ffe21870000" size="0x474000" version="10.0.22621.1825"/>
    <module path="C:\Program Files\xLights\avutil-57.dll" address="0x7ffce7120000" size="0x23d000" version="57.19.100.0"/>
    <module path="C:\Program Files\xLights\swresample-4.dll" address="0x7ffd637c0000" size="0xd0000" version="4.4.100.0"/>
    <module path="C:\Program Files\xLights\SDL2.dll" address="0x6c740000" size="0x151000" version="2.0.8.0"/>
    <module path="C:\Program Files\xLights\swscale-6.dll" address="0x7ffd063a0000" size="0xbd000" version="6.5.100.0"/>
    <module path="C:\Windows\System32\IMM32.dll" address="0x7ffe220e0000" size="0x31000" version="10.0.22621.1325"/>
    <module path="C:\Windows\SYSTEM32\VCRUNTIME140.dll" address="0x7ffe1ad30000" size="0x1b000" version="14.32.31332.0"/>
    <module path="C:\Windows\SYSTEM32\VCRUNTIME140_1.dll" address="0x7ffe19500000" size="0xc000" version="14.32.31332.0"/>
    <module path="C:\Program Files\xLights\avformat-59.dll" address="0x7ffce1980000" size="0xc73000" version="59.17.101.0"/>
    <module path="C:\Windows\SYSTEM32\VERSION.dll" address="0x7ffe180a0000" size="0xa000" version="10.0.22621.1"/>
    <module path="C:\Windows\SYSTEM32\MSIMG32.dll" address="0x7ffe1e020000" size="0x7000" version="10.0.22621.436"/>
    <module path="C:\Program Files\xLights\avcodec-59.dll" address="0x7ffce2600000" size="0x3660000" version="59.20.100.0"/>
    <module path="C:\Windows\SYSTEM32\OPENGL32.dll" address="0x7ffd431d0000" size="0x100000" version="10.0.22621.1465"/>
    <module path="C:\Windows\SYSTEM32\WINSPOOL.DRV" address="0x7ffe12cf0000" size="0x9f000" version="10.0.22621.1830"/>
    <module path="C:\Windows\SYSTEM32\bcrypt.dll" address="0x7ffe20750000" size="0x28000" version="10.0.22621.2048"/>
    <module path="C:\Windows\SYSTEM32\CFGMGR32.dll" address="0x7ffe20aa0000" size="0x4e000" version="10.0.22621.746"/>
    <module path="C:\Windows\SYSTEM32\WINMM.dll" address="0x7ffe19f40000" size="0x34000" version="10.0.22621.1465"/>
    <module path="C:\Windows\SYSTEM32\Secur32.dll" address="0x7ffe1fc70000" size="0xc000" version="10.0.22621.1"/>
    <module path="C:\Windows\SYSTEM32\MFPlat.DLL" address="0x7ffe1a540000" size="0x1ce000" version="10.0.22621.2050"/>
    <module path="C:\Windows\SYSTEM32\USERENV.dll" address="0x7ffe203e0000" size="0x2c000" version="10.0.22621.1972"/>
    <module path="C:\Windows\SYSTEM32\GLU32.dll" address="0x7ffd5c8d0000" size="0x2d000" version="10.0.22621.436"/>
    <module path="C:\Windows\SYSTEM32\dxcore.dll" address="0x7ffe1e500000" size="0x38000" version="10.0.22621.1825"/>
    <module path="C:\Windows\SYSTEM32\SSPICLI.DLL" address="0x7ffe20110000" size="0x42000" version="10.0.22621.2115"/>
    <module path="C:\Windows\SYSTEM32\kernel.appcore.dll" address="0x7ffe1fe40000" size="0x18000" version="10.0.22621.1"/>
    <module path="C:\Windows\System32\bcryptPrimitives.dll" address="0x7ffe20db0000" size="0x7a000" version="10.0.22621.2129"/>
    <module path="C:\Windows\SYSTEM32\RTWorkQ.DLL" address="0x7ffe1a2f0000" size="0x33000" version="10.0.22621.1"/>
    <module path="C:\Windows\SYSTEM32\CRYPTSP.dll" address="0x7ffe20570000" size="0x1b000" version="10.0.22621.1"/>
    <module path="C:\Windows\system32\rsaenh.dll" address="0x7ffe1fe00000" size="0x35000" version="10.0.22621.1"/>
    <module path="C:\Windows\SYSTEM32\CRYPTBASE.dll" address="0x7ffe20560000" size="0xc000" version="10.0.22621.1"/>
    <module path="C:\Windows\SYSTEM32\DEVOBJ.dll" address="0x7ffe20a70000" size="0x2c000" version="10.0.22621.1325"/>
    <module path="C:\Windows\System32\WINTRUST.dll" address="0x7ffe21720000" size="0x6b000" version="10.0.22621.2115"/>
    <module path="C:\Windows\SYSTEM32\MSASN1.dll" address="0x7ffe20a50000" size="0x12000" version="10.0.22621.891"/>
    <module path="C:\Windows\System32\clbcatq.dll" address="0x7ffe221a0000" size="0xb0000" version="2001.12.10941.16384"/>
    <module path="C:\Windows\System32\MMDevApi.dll" address="0x7ffe16d30000" size="0x9d000" version="10.0.22621.1906"/>
    <module path="C:\Windows\SYSTEM32\DSOUND.DLL" address="0x7ffe120c0000" size="0xa2000" version="10.0.22621.2115"/>
    <module path="C:\Windows\SYSTEM32\ResampleDmo.DLL" address="0x7ffe12000000" size="0xb1000" version="10.0.22621.436"/>
    <module path="C:\Windows\SYSTEM32\powrprof.dll" address="0x7ffe1fc00000" size="0x4d000" version="10.0.22621.2129"/>
    <module path="C:\Windows\SYSTEM32\winmmbase.dll" address="0x7ffe19100000" size="0x29000" version="10.0.22621.1"/>
    <module path="C:\Windows\SYSTEM32\msdmo.dll" address="0x7ffe14670000" size="0xb000" version="10.0.22621.1"/>
    <module path="C:\Windows\SYSTEM32\UMPDC.dll" address="0x7ffe1fbe0000" size="0x13000" version="10.0.22621.1"/>
    <module path="C:\Windows\SYSTEM32\wdmaud.drv" address="0x7ffd42f00000" size="0x46000" version="10.0.22621.1"/>
    <module path="C:\Windows\SYSTEM32\ksuser.dll" address="0x7ffe134f0000" size="0x9000" version="10.0.22621.1"/>
    <module path="C:\Windows\SYSTEM32\AVRT.dll" address="0x7ffe1a2e0000" size="0xb000" version="10.0.22621.436"/>
    <module path="C:\Windows\SYSTEM32\AUDIOSES.DLL" address="0x7ffe0fc60000" size="0x1ec000" version="10.0.22621.1906"/>
    <module path="C:\Windows\SYSTEM32\msacm32.drv" address="0x7ffde8440000" size="0xe000" version="10.0.22621.1"/>
    <module path="C:\Windows\SYSTEM32\MSACM32.dll" address="0x7ffd42ee0000" size="0x1e000" version="10.0.22621.1"/>
    <module path="C:\Windows\SYSTEM32\midimap.dll" address="0x7ffde7b70000" size="0xb000" version="10.0.22621.1"/>
    <module path="C:\Windows\SYSTEM32\mfreadwrite.dll" address="0x7ffde76f0000" size="0x11f000" version="10.0.22621.1830"/>
    <module path="C:\Windows\SYSTEM32\d3d11.dll" address="0x7ffe1ce60000" size="0x257000" version="10.0.22621.1972"/>
    <module path="C:\Windows\SYSTEM32\dxgi.dll" address="0x7ffe1e380000" size="0xf8000" version="10.0.22621.2129"/>
    <module path="C:\Windows\System32\MSCTF.dll" address="0x7ffe21e80000" size="0x14c000" version="10.0.22621.2271"/>
    <module path="C:\Windows\SYSTEM32\textinputframework.dll" address="0x7ffe10cd0000" size="0x14a000" version="10.0.22621.2271"/>
    <module path="C:\Windows\SYSTEM32\CoreMessaging.dll" address="0x7ffe1dd40000" size="0x133000" version="10.0.22621.1465"/>
    <module path="C:\Windows\SYSTEM32\CoreUIComponents.dll" address="0x7ffe19150000" size="0x36c000" version="10.0.22621.2048"/>
    <module path="C:\Windows\SYSTEM32\wintypes.dll" address="0x7ffe1eb90000" size="0x13e000" version="10.0.22621.1906"/>
    <module path="C:\Windows\SYSTEM32\windows.storage.dll" address="0x7ffe1ecd0000" size="0x8f2000" version="10.0.22621.2271"/>
    <module path="C:\Windows\SYSTEM32\WindowsCodecs.dll" address="0x7ffe1c8b0000" size="0x1b0000" version="10.0.22621.1465"/>
    <module path="C:\Windows\SYSTEM32\profapi.dll" address="0x7ffe20ce0000" size="0x26000" version="10.0.22621.1972"/>
    <module path="C:\Windows\SYSTEM32\TextShaping.dll" address="0x7ffde8a50000" size="0xb0000" version="10.0.22621.1465"/>
    <module path="C:\Windows\system32\explorerframe.dll" address="0x7ffdf95e0000" size="0x2a9000" version="10.0.22621.2271"/>
    <module path="C:\Windows\system32\mswsock.dll" address="0x7ffe20320000" size="0x69000" version="10.0.22621.1"/>
    <module path="C:\Windows\SYSTEM32\DNSAPI.dll" address="0x7ffe1f910000" size="0xf2000" version="10.0.22621.2199"/>
    <module path="C:\Windows\System32\NSI.dll" address="0x7ffe21cf0000" size="0x9000" version="10.0.22621.1"/>
    <module path="C:\Program Files\Bonjour\mdnsNSP.dll" address="0x51720000" size="0x35000" version="2.0.2.0"/>
    <module path="C:\Windows\System32\rasadhlp.dll" address="0x7ffe16c90000" size="0xa000" version="10.0.22621.1"/>
    <module path="C:\Windows\System32\fwpuclnt.dll" address="0x7ffe180b0000" size="0x84000" version="10.0.22621.1972"/>
    <module path="C:\Windows\System32\AppXDeploymentClient.dll" address="0x7ffe1a750000" size="0x135000" version="10.0.22621.2129"/>
    <module path="C:\Windows\System32\DriverStore\FileRepository\nv_dispi.inf_amd64_8c8de08a85de4474\nvoglv64.dll" address="0x7ffda27b0000" size="0x4292000" version="31.0.15.3734"/>
    <module path="C:\Windows\SYSTEM32\WTSAPI32.dll" address="0x7ffe1fc50000" size="0x14000" version="10.0.22621.1"/>
    <module path="C:\Windows\SYSTEM32\cryptnet.dll" address="0x7ffe18060000" size="0x32000" version="10.0.22621.1"/>
    <module path="C:\Windows\SYSTEM32\drvstore.dll" address="0x7ffe17f00000" size="0x158000" version="10.0.22621.2115"/>
    <module path="C:\Windows\SYSTEM32\wldp.dll" address="0x7ffe20660000" size="0x4b000" version="10.0.22621.2115"/>
    <module path="C:\Windows\SYSTEM32\ntmarta.dll" address="0x7ffe1fec0000" size="0x34000" version="10.0.22621.1"/>
    <module path="C:\Windows\system32\nvspcap64.dll" address="0x7ffdd4670000" size="0x2d1000" version="3.27.0.112"/>
    <module path="C:\Windows\SYSTEM32\dwmapi.dll" address="0x7ffe1e490000" size="0x2b000" version="10.0.22621.1465"/>
    <module path="C:\Windows\SYSTEM32\WINSTA.dll" address="0x7ffe1f820000" size="0x66000" version="10.0.22621.1465"/>
    <module path="C:\Windows\system32\dataexchange.dll" address="0x7ffdfc490000" size="0x5e000" version="10.0.22621.1906"/>
    <module path="C:\Windows\system32\twinapi.appcore.dll" address="0x7ffe16440000" size="0x284000" version="10.0.22621.2271"/>
    <module path="C:\Program Files\Common Files\microsoft shared\ink\tiptsf.dll" address="0x7ffd63180000" size="0xa0000" version="10.0.22621.1465"/>
    <module path="C:\Windows\SYSTEM32\WINNSI.DLL" address="0x7ffe1e4c0000" size="0xd000" version="10.0.22621.1"/>
    <module path="C:\Windows\SYSTEM32\dhcpcsvc.DLL" address="0x7ffe194c0000" size="0x1f000" version="10.0.22621.1325"/>
    <module path="C:\Windows\SYSTEM32\d2d1.dll" address="0x7ffe1d0c0000" size="0x5ee000" version="10.0.22621.2265"/>
    <module path="C:\Windows\SYSTEM32\dwrite.dll" address="0x7ffe1ca60000" size="0x273000" version="10.0.22621.2191"/>
    <module path="C:\Windows\system32\napinsp.dll" address="0x7ffdf0c40000" size="0x17000" version="10.0.22621.1"/>
    <module path="C:\Windows\system32\pnrpnsp.dll" address="0x7ffdf0c60000" size="0x1b000" version="10.0.22621.1"/>
    <module path="C:\Windows\System32\winrnr.dll" address="0x7ffdf0c80000" size="0x11000" version="10.0.22621.1"/>
    <module path="C:\Windows\system32\wshbth.dll" address="0x7ffe19ff0000" size="0x15000" version="10.0.22621.1830"/>
    <module path="C:\Windows\system32\nlansp_c.dll" address="0x7ffdf0ca0000" size="0x21000" version="10.0.22621.1906"/>
    <module path="C:\Windows\SYSTEM32\edputil.dll" address="0x7ffdee280000" size="0x28000" version="10.0.22621.1"/>
    <module path="C:\Windows\System32\uiautomationcore.dll" address="0x7ffdf0380000" size="0x445000" version="7.2.22621.2199"/>
    <module path="C:\Windows\SYSTEM32\dbghelp.dll" address="0x7ffe15fe0000" size="0x22e000" version="10.0.22621.1"/>
    <module path="C:\Windows\SYSTEM32\dbgcore.DLL" address="0x7ffe04620000" size="0x32000" version="10.0.22621.1"/>
  </modules>
  <context>
    <exception code="0xc0000005" name="ACCESS_VIOLATION" address="0x7ff752968450"/>
  </context>
  <stack>
    <frame level="0" function="pcre2_get_mark_16" offset="0xb6740" address="0x7ff752968450"/>
    <frame level="1" function="pcre2_get_mark_16" offset="0x6a01f2" address="0x7ff752f51f02"/>
    <frame level="2" function="pcre2_get_mark_16" offset="0x8dd9f4" address="0x7ff75318f704"/>
    <frame level="3" function="pcre2_get_mark_16" offset="0x8d24ef" address="0x7ff7531841ff"/>
    <frame level="4" function="pcre2_get_mark_16" offset="0x8d34e3" address="0x7ff7531851f3"/>
    <frame level="5" function="pcre2_get_mark_16" offset="0x8d23a2" address="0x7ff7531840b2"/>
    <frame level="6" function="pcre2_get_mark_16" offset="0x8d2449" address="0x7ff753184159"/>
    <frame level="7" function="pcre2_set_substitute_callout_16" offset="0x1492e" address="0x7ff7532c8b5e"/>
    <frame level="8" function="pcre2_get_mark_16" offset="0x8d246c" address="0x7ff75318417c"/>
    <frame level="9" function="pcre2_set_substitute_callout_16" offset="0x1492e" address="0x7ff7532c8b5e"/>
    <frame level="10" function="pcre2_get_mark_16" offset="0x8d246c" address="0x7ff75318417c"/>
    <frame level="11" function="pcre2_set_substitute_callout_16" offset="0x1492e" address="0x7ff7532c8b5e"/>
    <frame level="12" function="pcre2_get_mark_16" offset="0x8d246c" address="0x7ff75318417c"/>
    <frame level="13" function="pcre2_get_mark_16" offset="0x8d2a9e" address="0x7ff7531847ae"/>
    <frame level="14" function="pcre2_get_mark_16" offset="0x8df657" address="0x7ff753191367"/>
    <frame level="15" function="pcre2_get_startchar_16" offset="0x44ef4" address="0x7ff753225824"/>
    <frame level="16" function="pcre2_get_startchar_16" offset="0x4512a" address="0x7ff753225a5a"/>
    <frame level="17" function="pcre2_get_mark_16" offset="0x8de8c7" address="0x7ff7531905d7"/>
    <frame level="18" function="pcre2_get_startchar_16" offset="0x3dd4c" address="0x7ff75321e67c"/>
    <frame level="19" function="pcre2_get_mark_16" offset="0x8fc2e8" address="0x7ff7531adff8"/>
    <frame level="20" function="pcre2_set_substitute_callout_16" offset="0x32a436" address="0x7ff7535de666"/>
    <frame level="21" function="BaseThreadInitThunk" offset="0x1d" address="0x7ffe22aa257d"/>
    <frame level="22" function="RtlUserThreadStart" offset="0x28" address="0x7ffe23a8aa78"/>
  </stack>
</report>
