<?xml version="1.0" encoding="UTF-8"?>
<xrgb>
  <models>
    <model DisplayAs="Single Line" StringType="RGB Nodes" StartSide="B" Dir="L" Antialias="1" PixelSize="2" Transparency="0" parm1="1" parm3="1" LayoutGroup="Default" parm2="100" name="TEST - Candle String" Controller="K16A-B" WorldPosX="-295.7691" WorldPosY="15.5904" WorldPosZ="259.2385" X2="127.396759" Y2="0.000000" Z2="0.000000" versionNumber="5" StartChannel="!K16A-B:3031">
      <ControllerConnection Protocol="ws2811" Port="16"/>
    </model>
    <model DisplayAs="DmxGeneral" StartSide="B" Dir="L" Transparency="0" parm3="1" parm2="1" StringType="Single Color White" LayoutGroup="Default" parm1="3" Controller="K16A-B" PixelSize="20" Antialias="1" name="DMX - Lightning Strobes" WorldPosX="-220.4108" WorldPosY="61.1444" WorldPosZ="224.3922" ScaleX="3.0000" ScaleY="3.0000" ScaleZ="3.0000" RotateX="0.00000000" RotateY="0.00000000" RotateZ="0.00000000" versionNumber="5" StartChannel="!K16A-B:1">
      <ControllerConnection Port="2" channel="1" Protocol="DMX-Open"/>
    </model>
    <model DisplayAs="Poly Line" StringType="RGB Nodes" StartSide="B" Dir="L" Antialias="1" PixelSize="2" Transparency="0" parm1="1" parm3="1" LayoutGroup="Default" IndivSegs="1" Corner3="Neither" Corner4="Neither" SegsExpanded="FALSE" Seg1="40" Seg3="40" Seg2="94" AlternateNodes="false" Corner1="Neither" Controller="K16A-B" name="E - Garage Door Outline" Corner2="Neither" parm2="174" WorldPosX="-258.8074" WorldPosY="-203.0543" WorldPosZ="-2.4008" ScaleX="1.0000" ScaleY="1.0000" ScaleZ="1.0000" NumPoints="4" PointData="145.716980,206.592957,170.636505,145.859955,323.955627,170.302612,416.977783,323.875366,170.135681,417.126831,209.433136,169.968735" cPointData="" versionNumber="5" StartChannel="!K16A-B:385">
      <ControllerConnection Protocol="ws2811" Port="2" nullNodes="10" endNullNodes="16"/>
      <subModel name="Left-Right Frame" layout="horizontal" type="ranges" bufferstyle="Default" line0="135-174" line1="1-40">
        <ControllerConnection/>
      </subModel>
      <subModel name="Left Frame" layout="horizontal" type="ranges" bufferstyle="Default" line0="136-174">
        <ControllerConnection/>
      </subModel>
      <subModel name="Right Frame" layout="horizontal" type="ranges" bufferstyle="Default" line0="1-40">
        <ControllerConnection/>
      </subModel>
      <subModel name="Top Frame" layout="horizontal" type="ranges" bufferstyle="Default" line0="41-134">
        <ControllerConnection/>
      </subModel>
    </model>
    <model DisplayAs="Custom" StartSide="B" Dir="L" parm3="1" LayoutGroup="Default" CustomModel=",,,,,,,,,,,,,,134,,,,,133,,,,,,,,,,,,,,;,,,,,,,,,,,,,,,,,,,,,,,,,,,,,,,,,;,,,,,,,,,,,,,,,,,,,,,,,,,,,,,,,,,;,,,,,,,,,,,135,,,,,,,,,,,132,,,,,,,,,,,;,,,,,,,,,,,,,,,,,,,,,,,,,,,,,,,,,;,,,,,,,,,,,,,,,,,,,,,,,,,,,,,,,,,;,,,,,,,,,,,,,,,,,,,,,,,,,,,,,,,,,;,,,,,,,,136,,,,,,,,,,,,,,,,,131,,,,,,,,;,,,,,,,,,,,,,,,,,,,,,,,,,,,,,,,,,;,,,,,,,,,,,,,,,,,,,,,,,,,,,,,,,,,;,,,,,,,,,,,,,,,,,,,,,,,,,,,,,,,,,;,,,,,,137,,,,,,,,,,,,,,,,,,,,,130,,,,,,;,,,,,,,,,,,,,,,,,,,,,,,,,,,,,,,,,;,,,,,,,,,121,,,122,,,,,,,,,125,,,126,,,,,,,,,;,,,,,,,,,,,,,,,,,,,,,,,,,,,,,,,,,;,,,,,,,120,,,,,,,123,,,,,124,,,,,,,127,,,,,,,;,,,,,138,,,,,,,,,,,,,,,,,,,,,,,129,,,,,;,,,,,,,,,,,,,,,,,,,,,,,,,,,,,,,,,;,,,,,,119,,,,,,,,,108,,,107,,,,,,,,,128,,,,,,;,,,,,,,,,,,,,,110,,,,,,,,,,,,97,,,,,,,;,,,139,,,,118,,,117,,109,,,,,,,106,,105,,98,,,,,,,96,,,;,,,,,,116,,,,,,,,,111,,,104,,,,,,,,,99,,,,,,;,,,,,,,,,,,,,,,,,,,,,,,,,,,,,,,,,;,,,,,,,,,,,,,,,,,,,,,,,,,,,,,,,,,;,,140,,,,,115,,,,,,,112,,,,,103,,,,,,,100,,,,,95,,;,,,,,,,,,,,,,,,,,,,,,,,,,,,,,,,,,;,,,,,,,,,114,,,113,,,,,,,,,102,,,101,,,,,,,,,;,,,,,,,,,,,,,,,,,,,,,,,,,,,,,,,,,;,,,,,,,,,,,,,,,,,,,,,,,,,,,,,,,,,;,141,,,,,89,,,,,,,,,,,,,,,,,,,,,93,,,,,94,;,,,45,,46,,,,,,,,,,,,,,,,,,,,,,,61,,30,,,;,,,,,,,,88,,,,,74,,,75,,,,76,,,,,62,,,,,,,,;,,,,,,,,,,,90,,,,,,,,,,,92,,,,,,,,,,,;142,,,,,47,,,,,,,,,87,,,91,,86,,,,,,,,,60,,,,,29;,,,,44,,,,,,,73,,,,,,,,,,,63,,,,,,,,31,,,;,,,,,,,,,,,,,,,,85,,,,,,,,,,,,,,,,,;,,,,,,,,,,72,,,84,,,,,,,77,,,64,,,,,,,,,,;,,,,43,,48,,,,,,,,,,,,,,,,,,,,,59,,,,,,;143,,,,,,,83,,,,,,,,,,,,,,,,,,,78,,,32,,,,28;,,,,,,,,,,,,,,,,,,,,,,,,,,,,,,,,,;,,,,,,49,,,,71,,,,,,,,,,,,,65,,,,58,,,,,,;,,,,42,,,,82,,,,,,,,,,,,,,,,,79,,,,33,,,,;144,,,,,,,,,,,70,,,,,,,,,,,66,,,,,,,,,,,27;,,,,,,,50,,,,,,,81,,,,80,,,,,,,,57,,,,,,,;,,,,,,,,,,,,,69,,,,,,,67,,,,,,,,,,,,,;,,,,,41,,,,,,,,,,,68,,,,,,,,,,,,34,,,,,;,,,,,,,,51,,,,,,,,,,,,,,,,,56,,,,,,,,;,,145,,,,,,,,,52,,,,53,,,54,,,55,,,,,,,,,,26,,;,,,,,,,40,,,,,,,,,,,,,,,,,,,35,,,,,,,;,,,,,,,,,,,39,,,,38,,,37,,,,36,,,,,,,,,,,;,,,,,,,,,,,,,,,,,,,,,,,,,,,,,,,,,;,,,,146,,,,,,,,,,,,,,,,,,,,,,,,,25,,,,;,,,,,,,,,,,,,,,,,,,,,,,,,,,,,,,,,;,,,,,,,,,,,,,,,,,,,,,,,,,,,,,,,,,;,,,,,,,147,,,,148,,,,149,,,150,,,,23,,,,24,,,,,,,;,,,,,,,,,,,,,,,,,,,,,,,,,,,,,,,,,;,,,,,,,,,,,,,,,,,,,22,,,,,,,,,,,,,,;,,,,,,,,,,,,,,21,,,,,,,,,,,,,,,,,,,;,,,,,,,,,,,,,,,,,,,,,,,,,,,,,,,,,;,,,,,,,,,,20,,,,,,,,,,,,,,,,,,,,,,,;,,,,,,19,,,,,,,,,,,,,,,,,,,,,13,,,,,,;,,,,,,,,,,,,,,,,,,,,,,,14,,,,,,,,,,;,,,,,,,,,,,,,,,,,,,15,,,,,,,,,,,,,,;,,,,,,,,,,,,,,,,,,,,,,,,,,,,,,,,,;,,,,,,,,,,,,,,16,,,,,,,,,,,,,,,,,,,;,,,,,,,,,,17,,,,,,,,,,,,,,,,,,,,,,,;,,,,,,18,,,,,,,,,,,,,,,,,,,,,12,,,,,,;,,,,,,,,,,,,,,,,,,,,,,,11,,,,,,,,,,;,,,,,,,,,,,,,,,,,,,,,,,,,,,,,,,,,;,,,,,,,,,,,,,,,,,,,10,,,,,,,,,,,,,,;,,,,,,,,,,,,,,9,,,,,,,,,,,,,,,,,,,;,,,,,,,,,,8,,,,,,,,,,,,,,,,,,,,,,,;,,,,,,7,,,,,,,,,,,,,,,,,,,,,1,,,,,,;,,,,,,,,,,,,,,,,,,,,,,,,,,,,,,,,,;,,,,,,,,,,,,,,,,,,,,,,,,,,,,,,,,,;,,,,,,,,,,,,,,,,,,,,,,,,,,,,,,,,,;,,,,,,,,,6,,,,,,,,,,,,,,,2,,,,,,,,,;,,,,,,,,,,,,,5,,,,,,,3,,,,,,,,,,,,,;,,,,,,,,,,,,,,,,,,,,,,,,,,,,,,,,,;,,,,,,,,,,,,,,,,4,,,,,,,,,,,,,,,,," parm1="34" parm2="80" Depth="1" StringType="RGB Nodes" PixelSize="2" Transparency="0" ModelBrightness="" Antialias="1" StrandNames="MyCustomModel" NodeNames="" PixelCount="150" PixelType="12mm bullet" PixelSpacing="" name="Singing Bulb - LEFT" Controller="K16A-B" Active="0" WorldPosX="-67.7337" WorldPosY="274.4600" WorldPosZ="74.1226" ScaleX="0.6283" ScaleY="0.5468" ScaleZ="0.0540" RotateX="0.00000000" RotateY="0.00000000" RotateZ="0.00000000" versionNumber="5" StartChannel="!K16A-B:1681">
      <faceInfo Name="Upright Bulb - Multi Single" CustomColors="0" Eyes-Closed="118-117,109-110,106-105,98-97,128" Eyes-Closed-Color="" Eyes-Closed2="" Eyes-Closed2-Color="" Eyes-Closed3="" Eyes-Closed3-Color="" Eyes-Open="119,116,120,115,121,114,122,113,123,112,108,111,107,104,124,103,125,102,126,101,127,100,128,99" Eyes-Open-Color="" Eyes-Open2="" Eyes-Open2-Color="" Eyes-Open3="" Eyes-Open3-Color="" FaceOutline="1,3,5,7,13,19,23,25,27,29,95,129,131,133-134,136,138,140,142,144,146,149" FaceOutline-Color="" FaceOutline2="2,4,6,12,18,24,26,28,94,96,130,132,135,137,139,141,143,145,147,150" FaceOutline2-Color="" Mouth-AI="30-45,62,86-93" Mouth-AI-Color="" Mouth-E="46-48,59-62,65-66,70-71,78,80-81,83,86-93" Mouth-E-Color="" Mouth-FV="30-32,45,47-52,55-58,62,67,69,80-81,86-93" Mouth-FV-Color="" Mouth-L="30-32,43-45,49,53-54,58,62,66-67,69-70,79,82,86-93" Mouth-L-Color="" Mouth-MBP="65-71" Mouth-MBP-Color="" Mouth-O="64-76,92" Mouth-O-Color="" Mouth-U="63-73,86-87,91" Mouth-U-Color="" Mouth-WQ="65-66,70-71,77,80-81,84-85" Mouth-WQ-Color="" Mouth-etc="46-62,86-93" Mouth-etc-Color="" Mouth-rest="30-45" Mouth-rest-Color="" Type="NodeRange"/>
      <faceInfo Name="Upright Bulb - Custom" CustomColors="0" Eyes-Closed="118-117,109-110,106-105,98-97,128" Eyes-Closed-Color="" Eyes-Closed2="" Eyes-Closed2-Color="" Eyes-Closed3="" Eyes-Closed3-Color="" Eyes-Open="119,116,120,115,121,114,122,113,123,112,108,111,107,104,124,103,125,102,126,101,127,100,128,99" Eyes-Open-Color="" Eyes-Open2="" Eyes-Open2-Color="" Eyes-Open3="" Eyes-Open3-Color="" FaceOutline="23-29,94-96,129-150" FaceOutline-Color="" FaceOutline2="1-22" FaceOutline2-Color="" Mouth-AI="30-45,62,86-93" Mouth-AI-Color="" Mouth-E="46-48,59-62,65-66,70-71,78,80-81,83,86-93" Mouth-E-Color="" Mouth-FV="30-32,45,47-52,55-58,62,67,69,80-81,86-93" Mouth-FV-Color="" Mouth-L="30-32,43-45,49,53-54,58,62,66-67,69-70,79,82,86-93" Mouth-L-Color="" Mouth-MBP="65-71" Mouth-MBP-Color="" Mouth-O="64-76,92" Mouth-O-Color="" Mouth-U="63-73,86-87,91" Mouth-U-Color="" Mouth-WQ="65-66,70-71,77,80-81,84-85" Mouth-WQ-Color="" Mouth-etc="46-62,86-93" Mouth-etc-Color="" Mouth-rest="30-45" Mouth-rest-Color="" Type="NodeRange"/>
      <faceInfo Name="Upright Bulb" CustomColors="0" Eyes-Closed="118-117,109-110,106-105,98-97,128" Eyes-Closed-Color="" Eyes-Closed2="" Eyes-Closed2-Color="" Eyes-Closed3="" Eyes-Closed3-Color="" Eyes-Open="119,116,120,115,121,114,122,113,123,112,108,111,107,104,124,103,125,102,126,101,127,100,128,99" Eyes-Open-Color="" Eyes-Open2="" Eyes-Open2-Color="" Eyes-Open3="" Eyes-Open3-Color="" FaceOutline="142-144,141-140,145,139,146,138-137,19-18,7,147,136,6,20,17,8,135,148,5,134,21,16,9,149,4,150,133,22,15,10,3,132,23,14,11,2,131,24,130,13-12,1,129,25,96-95,26,94,29-27" FaceOutline-Color="" FaceOutline2="" FaceOutline2-Color="" Mouth-AI="30-45,62,86-93" Mouth-AI-Color="" Mouth-E="46-48,59-62,65-66,70-71,78,80-81,83,86-93" Mouth-E-Color="" Mouth-FV="30-32,45,47-52,55-58,62,67,69,80-81,86-93" Mouth-FV-Color="" Mouth-L="30-32,43-45,49,53-54,58,62,66-67,69-70,79,82,86-93" Mouth-L-Color="" Mouth-MBP="65-71" Mouth-MBP-Color="" Mouth-O="64-76,92" Mouth-O-Color="" Mouth-U="63-73,86-87,91" Mouth-U-Color="" Mouth-WQ="65-66,70-71,77,80-81,84-85" Mouth-WQ-Color="" Mouth-etc="46-62,86-93" Mouth-etc-Color="" Mouth-rest="30-45" Mouth-rest-Color="" Type="NodeRange"/>
      <subModel name="Outline" layout="horizontal" type="ranges" line0="142-144,141-140,145,139,146,138-137,19-18,7,147,136,6,135,5,134,4,133,3,132,2,131,24,130,13-12,1,129,25,96-95,26,94,29-27">
        <ControllerConnection/>
      </subModel>
      <subModel name="Eyes Open" layout="horizontal" type="ranges" line0="119,116,120,115,121,114,122,113,123,112,108,111,107,104,124,103,125,102,126,101,127,100,128,99">
        <ControllerConnection/>
      </subModel>
      <subModel name="Eyes Closed" layout="horizontal" type="ranges" line0="118-117,109-110,106-105,98-97,128">
        <ControllerConnection/>
      </subModel>
      <subModel name="Mouth 1" layout="horizontal" type="ranges" line0="45-41,89,40,88,90,39,87,38,91,37,86,92,36,62,35,93,34,32-33,30-31">
        <ControllerConnection/>
      </subModel>
      <subModel name="Mouth 2" layout="horizontal" type="ranges" line0="46-47,89,48-50,88,51,90,52,87,53,91,54,86,55,92,62,56-57,93,59-58,61-60">
        <ControllerConnection/>
      </subModel>
      <subModel name="Mouth 3" layout="horizontal" type="ranges" line0="72-71,73,70,74,69,75,68,76,67,63,66,64-65">
        <ControllerConnection/>
      </subModel>
      <subModel name="Mouth 4" layout="horizontal" type="ranges" line0="83-82,72,70,84,81,85,80,77,66,64,79-78">
        <ControllerConnection/>
      </subModel>
      <subModel name="All" layout="horizontal" type="ranges" line0="142-144,141-140,145,139,146,138-137,19-18,7,147,136,6,20,17,8,135,148,5,134,21,16,9,149,4,150,133,22,15,10,3,132,23,14,11,2,131,24,130,13-12,1,129,25,96-95,26,94,29-27">
        <ControllerConnection/>
      </subModel>
      <ControllerConnection Port="8" Protocol="ws2811"/>
    </model>
    <model DisplayAs="Custom" StartSide="B" Dir="L" parm3="1" LayoutGroup="Default" StringType="RGB Nodes" PixelSize="2" Transparency="0" ModelBrightness="" Antialias="1" StrandNames="MyCustomModel" NodeNames="" PixelCount="150" PixelType="12mm bullet" PixelSpacing="" name="Singing Bulb - RIGHT" Controller="K16A-B" parm1="34" parm2="80" Depth="1" CustomModel=",,,,,,,,,,,,,,134,,,,,133,,,,,,,,,,,,,,;,,,,,,,,,,,,,,,,,,,,,,,,,,,,,,,,,;,,,,,,,,,,,,,,,,,,,,,,,,,,,,,,,,,;,,,,,,,,,,,135,,,,,,,,,,,132,,,,,,,,,,,;,,,,,,,,,,,,,,,,,,,,,,,,,,,,,,,,,;,,,,,,,,,,,,,,,,,,,,,,,,,,,,,,,,,;,,,,,,,,,,,,,,,,,,,,,,,,,,,,,,,,,;,,,,,,,,136,,,,,,,,,,,,,,,,,131,,,,,,,,;,,,,,,,,,,,,,,,,,,,,,,,,,,,,,,,,,;,,,,,,,,,,,,,,,,,,,,,,,,,,,,,,,,,;,,,,,,,,,,,,,,,,,,,,,,,,,,,,,,,,,;,,,,,,137,,,,,,,,,,,,,,,,,,,,,130,,,,,,;,,,,,,,,,,,,,,,,,,,,,,,,,,,,,,,,,;,,,,,,,,,121,,,122,,,,,,,,,125,,,126,,,,,,,,,;,,,,,,,,,,,,,,,,,,,,,,,,,,,,,,,,,;,,,,,,,120,,,,,,,123,,,,,124,,,,,,,127,,,,,,,;,,,,,138,,,,,,,,,,,,,,,,,,,,,,,129,,,,,;,,,,,,,,,,,,,,,,,,,,,,,,,,,,,,,,,;,,,,,,119,,,,,,,,,108,,,107,,,,,,,,,128,,,,,,;,,,,,,,,,,,,,,110,,,,,,,,,,,,97,,,,,,,;,,,139,,,,118,,,117,,109,,,,,,,106,,105,,98,,,,,,,96,,,;,,,,,,116,,,,,,,,,111,,,104,,,,,,,,,99,,,,,,;,,,,,,,,,,,,,,,,,,,,,,,,,,,,,,,,,;,,,,,,,,,,,,,,,,,,,,,,,,,,,,,,,,,;,,140,,,,,115,,,,,,,112,,,,,103,,,,,,,100,,,,,95,,;,,,,,,,,,,,,,,,,,,,,,,,,,,,,,,,,,;,,,,,,,,,114,,,113,,,,,,,,,102,,,101,,,,,,,,,;,,,,,,,,,,,,,,,,,,,,,,,,,,,,,,,,,;,,,,,,,,,,,,,,,,,,,,,,,,,,,,,,,,,;,141,,,,,89,,,,,,,,,,,,,,,,,,,,,93,,,,,94,;,,,45,,46,,,,,,,,,,,,,,,,,,,,,,,61,,30,,,;,,,,,,,,88,,,,,74,,,75,,,,76,,,,,62,,,,,,,,;,,,,,,,,,,,90,,,,,,,,,,,92,,,,,,,,,,,;142,,,,,47,,,,,,,,,87,,,91,,86,,,,,,,,,60,,,,,29;,,,,44,,,,,,,73,,,,,,,,,,,63,,,,,,,,31,,,;,,,,,,,,,,,,,,,,85,,,,,,,,,,,,,,,,,;,,,,,,,,,,72,,,84,,,,,,,77,,,64,,,,,,,,,,;,,,,43,,48,,,,,,,,,,,,,,,,,,,,,59,,,,,,;143,,,,,,,83,,,,,,,,,,,,,,,,,,,78,,,32,,,,28;,,,,,,,,,,,,,,,,,,,,,,,,,,,,,,,,,;,,,,,,49,,,,71,,,,,,,,,,,,,65,,,,58,,,,,,;,,,,42,,,,82,,,,,,,,,,,,,,,,,79,,,,33,,,,;144,,,,,,,,,,,70,,,,,,,,,,,66,,,,,,,,,,,27;,,,,,,,50,,,,,,,81,,,,80,,,,,,,,57,,,,,,,;,,,,,,,,,,,,,69,,,,,,,67,,,,,,,,,,,,,;,,,,,41,,,,,,,,,,,68,,,,,,,,,,,,34,,,,,;,,,,,,,,51,,,,,,,,,,,,,,,,,56,,,,,,,,;,,145,,,,,,,,,52,,,,53,,,54,,,55,,,,,,,,,,26,,;,,,,,,,40,,,,,,,,,,,,,,,,,,,35,,,,,,,;,,,,,,,,,,,39,,,,38,,,37,,,,36,,,,,,,,,,,;,,,,,,,,,,,,,,,,,,,,,,,,,,,,,,,,,;,,,,146,,,,,,,,,,,,,,,,,,,,,,,,,25,,,,;,,,,,,,,,,,,,,,,,,,,,,,,,,,,,,,,,;,,,,,,,,,,,,,,,,,,,,,,,,,,,,,,,,,;,,,,,,,147,,,,148,,,,149,,,150,,,,23,,,,24,,,,,,,;,,,,,,,,,,,,,,,,,,,,,,,,,,,,,,,,,;,,,,,,,,,,,,,,,,,,,22,,,,,,,,,,,,,,;,,,,,,,,,,,,,,21,,,,,,,,,,,,,,,,,,,;,,,,,,,,,,,,,,,,,,,,,,,,,,,,,,,,,;,,,,,,,,,,20,,,,,,,,,,,,,,,,,,,,,,,;,,,,,,19,,,,,,,,,,,,,,,,,,,,,13,,,,,,;,,,,,,,,,,,,,,,,,,,,,,,14,,,,,,,,,,;,,,,,,,,,,,,,,,,,,,15,,,,,,,,,,,,,,;,,,,,,,,,,,,,,,,,,,,,,,,,,,,,,,,,;,,,,,,,,,,,,,,16,,,,,,,,,,,,,,,,,,,;,,,,,,,,,,17,,,,,,,,,,,,,,,,,,,,,,,;,,,,,,18,,,,,,,,,,,,,,,,,,,,,12,,,,,,;,,,,,,,,,,,,,,,,,,,,,,,11,,,,,,,,,,;,,,,,,,,,,,,,,,,,,,,,,,,,,,,,,,,,;,,,,,,,,,,,,,,,,,,,10,,,,,,,,,,,,,,;,,,,,,,,,,,,,,9,,,,,,,,,,,,,,,,,,,;,,,,,,,,,,8,,,,,,,,,,,,,,,,,,,,,,,;,,,,,,7,,,,,,,,,,,,,,,,,,,,,1,,,,,,;,,,,,,,,,,,,,,,,,,,,,,,,,,,,,,,,,;,,,,,,,,,,,,,,,,,,,,,,,,,,,,,,,,,;,,,,,,,,,,,,,,,,,,,,,,,,,,,,,,,,,;,,,,,,,,,6,,,,,,,,,,,,,,,2,,,,,,,,,;,,,,,,,,,,,,,5,,,,,,,3,,,,,,,,,,,,,;,,,,,,,,,,,,,,,,,,,,,,,,,,,,,,,,,;,,,,,,,,,,,,,,,,4,,,,,,,,,,,,,,,,," Active="0" WorldPosX="128.0194" WorldPosY="274.4616" WorldPosZ="74.1226" ScaleX="0.6283" ScaleY="0.5468" ScaleZ="0.0540" RotateX="0.00000000" RotateY="0.00000000" RotateZ="0.00000000" versionNumber="5" StartChannel="!K16A-B:2131">
      <faceInfo Name="Upright Bulb - Multi Single" CustomColors="0" Eyes-Closed="118-117,109-110,106-105,98-97,128" Eyes-Closed-Color="" Eyes-Closed2="" Eyes-Closed2-Color="" Eyes-Closed3="" Eyes-Closed3-Color="" Eyes-Open="119,116,120,115,121,114,122,113,123,112,108,111,107,104,124,103,125,102,126,101,127,100,128,99" Eyes-Open-Color="" Eyes-Open2="" Eyes-Open2-Color="" Eyes-Open3="" Eyes-Open3-Color="" FaceOutline="1,3,5,7,13,19,23,25,27,29,95,129,131,133-134,136,138,140,142,144,146,149" FaceOutline-Color="" FaceOutline2="2,4,6,12,18,24,26,28,94,96,130,132,135,137,139,141,143,145,147,150" FaceOutline2-Color="" Mouth-AI="30-45,62,86-93" Mouth-AI-Color="" Mouth-E="46-48,59-62,65-66,70-71,78,80-81,83,86-93" Mouth-E-Color="" Mouth-FV="30-32,45,47-52,55-58,62,67,69,80-81,86-93" Mouth-FV-Color="" Mouth-L="30-32,43-45,49,53-54,58,62,66-67,69-70,79,82,86-93" Mouth-L-Color="" Mouth-MBP="65-71" Mouth-MBP-Color="" Mouth-O="64-76,92" Mouth-O-Color="" Mouth-U="63-73,86-87,91" Mouth-U-Color="" Mouth-WQ="65-66,70-71,77,80-81,84-85" Mouth-WQ-Color="" Mouth-etc="46-62,86-93" Mouth-etc-Color="" Mouth-rest="30-45" Mouth-rest-Color="" Type="NodeRange"/>
      <faceInfo Name="Upright Bulb - Custom" CustomColors="0" Eyes-Closed="118-117,109-110,106-105,98-97,128" Eyes-Closed-Color="" Eyes-Closed2="" Eyes-Closed2-Color="" Eyes-Closed3="" Eyes-Closed3-Color="" Eyes-Open="119,116,120,115,121,114,122,113,123,112,108,111,107,104,124,103,125,102,126,101,127,100,128,99" Eyes-Open-Color="" Eyes-Open2="" Eyes-Open2-Color="" Eyes-Open3="" Eyes-Open3-Color="" FaceOutline="23-29,94-96,129-150" FaceOutline-Color="" FaceOutline2="1-22" FaceOutline2-Color="" Mouth-AI="30-45,62,86-93" Mouth-AI-Color="" Mouth-E="46-48,59-62,65-66,70-71,78,80-81,83,86-93" Mouth-E-Color="" Mouth-FV="30-32,45,47-52,55-58,62,67,69,80-81,86-93" Mouth-FV-Color="" Mouth-L="30-32,43-45,49,53-54,58,62,66-67,69-70,79,82,86-93" Mouth-L-Color="" Mouth-MBP="65-71" Mouth-MBP-Color="" Mouth-O="64-76,92" Mouth-O-Color="" Mouth-U="63-73,86-87,91" Mouth-U-Color="" Mouth-WQ="65-66,70-71,77,80-81,84-85" Mouth-WQ-Color="" Mouth-etc="46-62,86-93" Mouth-etc-Color="" Mouth-rest="30-45" Mouth-rest-Color="" Type="NodeRange"/>
      <faceInfo Name="Upright Bulb" CustomColors="0" Eyes-Closed="118-117,109-110,106-105,98-97,128" Eyes-Closed-Color="" Eyes-Closed2="" Eyes-Closed2-Color="" Eyes-Closed3="" Eyes-Closed3-Color="" Eyes-Open="119,116,120,115,121,114,122,113,123,112,108,111,107,104,124,103,125,102,126,101,127,100,128,99" Eyes-Open-Color="" Eyes-Open2="" Eyes-Open2-Color="" Eyes-Open3="" Eyes-Open3-Color="" FaceOutline="142-144,141-140,145,139,146,138-137,19-18,7,147,136,6,20,17,8,135,148,5,134,21,16,9,149,4,150,133,22,15,10,3,132,23,14,11,2,131,24,130,13-12,1,129,25,96-95,26,94,29-27" FaceOutline-Color="" FaceOutline2="" FaceOutline2-Color="" Mouth-AI="30-45,62,86-93" Mouth-AI-Color="" Mouth-E="46-48,59-62,65-66,70-71,78,80-81,83,86-93" Mouth-E-Color="" Mouth-FV="30-32,45,47-52,55-58,62,67,69,80-81,86-93" Mouth-FV-Color="" Mouth-L="30-32,43-45,49,53-54,58,62,66-67,69-70,79,82,86-93" Mouth-L-Color="" Mouth-MBP="65-71" Mouth-MBP-Color="" Mouth-O="64-76,92" Mouth-O-Color="" Mouth-U="63-73,86-87,91" Mouth-U-Color="" Mouth-WQ="65-66,70-71,77,80-81,84-85" Mouth-WQ-Color="" Mouth-etc="46-62,86-93" Mouth-etc-Color="" Mouth-rest="30-45" Mouth-rest-Color="" Type="NodeRange"/>
      <ControllerConnection Protocol="ws2811" Port="9"/>
      <subModel name="Outline" layout="horizontal" type="ranges" line0="142-144,141-140,145,139,146,138-137,19-18,7,147,136,6,135,5,134,4,133,3,132,2,131,24,130,13-12,1,129,25,96-95,26,94,29-27">
        <ControllerConnection/>
      </subModel>
      <subModel name="Eyes Open" layout="horizontal" type="ranges" line0="119,116,120,115,121,114,122,113,123,112,108,111,107,104,124,103,125,102,126,101,127,100,128,99">
        <ControllerConnection/>
      </subModel>
      <subModel name="Eyes Closed" layout="horizontal" type="ranges" line0="118-117,109-110,106-105,98-97,128">
        <ControllerConnection/>
      </subModel>
      <subModel name="Mouth 1" layout="horizontal" type="ranges" line0="45-41,89,40,88,90,39,87,38,91,37,86,92,36,62,35,93,34,32-33,30-31">
        <ControllerConnection/>
      </subModel>
      <subModel name="Mouth 2" layout="horizontal" type="ranges" line0="46-47,89,48-50,88,51,90,52,87,53,91,54,86,55,92,62,56-57,93,59-58,61-60">
        <ControllerConnection/>
      </subModel>
      <subModel name="Mouth 3" layout="horizontal" type="ranges" line0="72-71,73,70,74,69,75,68,76,67,63,66,64-65">
        <ControllerConnection/>
      </subModel>
      <subModel name="Mouth 4" layout="horizontal" type="ranges" line0="83-82,72,70,84,81,85,80,77,66,64,79-78">
        <ControllerConnection/>
      </subModel>
      <subModel name="All" layout="horizontal" type="ranges" line0="142-144,141-140,145,139,146,138-137,19-18,7,147,136,6,20,17,8,135,148,5,134,21,16,9,149,4,150,133,22,15,10,3,132,23,14,11,2,131,24,130,13-12,1,129,25,96-95,26,94,29-27">
        <ControllerConnection/>
      </subModel>
    </model>
    <model DisplayAs="Single Line" StringType="RGB Nodes" StartSide="B" Dir="L" Transparency="0" parm1="1" LayoutGroup="Default" PixelSize="5" Antialias="1" parm3="3" parm2="100" Controller="K16A-B" name="G - Under Roof Splash" WorldPosX="-113.9894" WorldPosY="161.1805" WorldPosZ="184.1584" X2="276.452606" Y2="0.000000" Z2="0.000000" versionNumber="5" StartChannel="!K16A-B:1381">
      <ControllerConnection Protocol="ws2811" colorOrder="BRG" Port="4"/>
      <subModel name="3-Segments" layout="horizontal" type="ranges" bufferstyle="Default" line0="1-20,40-60,80-100">
        <ControllerConnection/>
      </subModel>
      <subModel name="2-Segments" layout="horizontal" type="ranges" bufferstyle="Default" line0="60-80" line1="20-40">
        <ControllerConnection/>
      </subModel>
    </model>
    <model StringType="RGB Nodes" Antialias="1" PixelSize="2" Transparency="0" parm2="50" LayoutGroup="Default" DisplayAs="Tree Flat" TreeBottomTopRatio="5.000000" AlternateNodes="false" parm1="1" parm3="5" Dir="R" StartSide="B" name="TREE MIDDLE" Controller="K16A-B" WorldPosX="29.9642" WorldPosY="257.6600" WorldPosZ="60.0000" ScaleX="0.9544" ScaleY="1.8188" ScaleZ="0.1234" RotateX="0.00000000" RotateY="0.00000000" RotateZ="0.00000000" versionNumber="5" StartChannel="!K16A-B:2731">
      <ControllerConnection Protocol="ws2811" Port="11"/>
    </model>
    <model StringType="RGB Nodes" Antialias="1" PixelSize="2" Transparency="0" parm2="50" LayoutGroup="Default" DisplayAs="Tree Flat" TreeBottomTopRatio="5.000000" AlternateNodes="false" parm1="1" parm3="5" Dir="R" StartSide="B" Controller="K16A-B" name="TREE RIGHT" WorldPosX="70.1139" WorldPosY="257.6636" WorldPosZ="60.0000" ScaleX="0.9544" ScaleY="1.8188" ScaleZ="0.1234" RotateX="0.00000000" RotateY="0.00000000" RotateZ="0.00000000" versionNumber="5" StartChannel="!K16A-B:2581">
      <ControllerConnection Protocol="ws2811" Port="10"/>
    </model>
    <model StringType="RGB Nodes" Antialias="1" PixelSize="2" Transparency="0" parm2="50" LayoutGroup="Default" DisplayAs="Tree Flat" TreeBottomTopRatio="5.000000" AlternateNodes="false" parm1="1" parm3="5" Dir="R" StartSide="B" Controller="K16A-B" name="TREE LEFT" WorldPosX="-12.2458" WorldPosY="257.6600" WorldPosZ="60.0000" ScaleX="0.9544" ScaleY="1.8188" ScaleZ="0.1234" RotateX="0.00000000" RotateY="0.00000000" RotateZ="0.00000000" versionNumber="5" StartChannel="!K16A-B:2881">
      <ControllerConnection Protocol="ws2811" Port="12"/>
    </model>
    <model DisplayAs="Poly Line" StringType="RGB Nodes" StartSide="B" Dir="L" Antialias="1" PixelSize="2" Transparency="0" parm1="1" parm3="1" LayoutGroup="Default" name="F - Second Floor Window Outline" Controller="K16A-B" IndivSegs="1" Seg2="30" Seg3="50" Corner1="Neither" Corner2="Neither" Corner3="Neither" Corner4="Neither" Corner5="Neither" SegsExpanded="FALSE" Seg1="50" Seg4="28" parm2="158" WorldPosX="-48.2322" WorldPosY="232.4124" WorldPosZ="72.4281" ScaleX="1.4829" ScaleY="1.5282" ScaleZ="1.0000" NumPoints="5" PointData="0.000000,0.000000,0.000000,103.026978,0.479980,0.000000,102.387024,64.791840,0.000000,0.479919,65.111786,0.000000,0.000000,0.000031,0.000000" cPointData="2,67.991394,83.509460,0.000000,36.955322,82.549591,0.000000," versionNumber="5" StartChannel="!K16A-B:907">
      <ControllerConnection Protocol="ws2811" Port="3"/>
      <subModel name="Top Arch" layout="horizontal" type="ranges" bufferstyle="Default" line0="79-126">
        <ControllerConnection/>
      </subModel>
      <subModel name="Left-Right Frame" layout="horizontal" type="ranges" bufferstyle="Default" line0="50-78" line1="127-156">
        <ControllerConnection/>
      </subModel>
      <subModel name="Left Frame" layout="horizontal" type="ranges" bufferstyle="Default" line0="127-156">
        <ControllerConnection/>
      </subModel>
      <subModel name="Right Frame" layout="horizontal" type="ranges" bufferstyle="Default" line0="50-78">
        <ControllerConnection/>
      </subModel>
      <subModel name="Bottom Frame" layout="horizontal" type="ranges" bufferstyle="Default" line0="1-49">
        <ControllerConnection/>
      </subModel>
      <subModel name="Top-Bottom" layout="horizontal" type="ranges" bufferstyle="Default" line0="79-126" line1="1-49">
        <ControllerConnection/>
      </subModel>
    </model>
    <model DisplayAs="Single Line" StringType="RGB Nodes" StartSide="B" Dir="L" Antialias="1" PixelSize="2" Transparency="0" parm1="1" parm3="1" LayoutGroup="Default" parm2="127" name="A - Garage Roof Trim Line" Controller="K16A-B" TagColour="black" WorldPosX="-137.1581" WorldPosY="166.2919" WorldPosZ="193.2878" X2="355.840088" Y2="1.412750" Z2="0.000000" Locked="1" versionNumber="5" StartChannel="!K16A-B:4">
      <ControllerConnection Protocol="ws2811" Port="1"/>
      <subModel name="Single-Light" layout="horizontal" type="ranges" bufferstyle="Default" line0="64">
        <ControllerConnection/>
      </subModel>
      <subModel name="Three-Light" layout="horizontal" type="ranges" bufferstyle="Default" line0="63-65">
        <ControllerConnection/>
      </subModel>
    </model>
  </models>
  <view_objects>
    <view_object name="Ruler" DisplayAs="Ruler" LayoutGroup="Default" Units="4" Length="16.000000" WorldPosX="-116.6242" WorldPosY="5.8913" WorldPosZ="161.7124" X2="276.452606" Y2="0.000000" Z2="0.000000" versionNumber="5"/>
    <view_object DisplayAs="Gridlines" LayoutGroup="Default" GridWidth="2000.0" GridHeight="1000.0" Active="1" GridAxis="1" GridColor="#404040" name="Bottom Grid" GridLineSpacing="50" WorldPosX="0.0000" WorldPosY="0.0000" WorldPosZ="0.0000" ScaleX="1.0000" ScaleY="1.0000" ScaleZ="1.0000" RotateX="-90.00000000" RotateY="-0.00000000" RotateZ="0.00000000" versionNumber="5"/>
    <view_object DisplayAs="Mesh" LayoutGroup="Default" Brightness="60" name="House Render" ObjFile="C:\Users\brian\Documents\xlights\shows\2023_halloween\HouseModel\HouseModel.obj" WorldPosX="0.0000" WorldPosY="0.0000" WorldPosZ="-510.0000" ScaleX="1.5000" ScaleY="1.5000" ScaleZ="1.5000" RotateX="0.00000000" RotateY="90.00000000" RotateZ="0.00000000" Locked="1" versionNumber="5"/>
    <view_object DisplayAs="Gridlines" LayoutGroup="Default" GridColor="#404040" GridLineSpacing="50" GridHeight="500" GridWidth="2000" name="Back Grid" WorldPosX="0.0000" WorldPosY="255.0000" WorldPosZ="-500.0000" ScaleX="1.0000" ScaleY="1.0000" ScaleZ="1.0000" RotateX="0.00000000" RotateY="0.00000000" RotateZ="0.00000000" Locked="1" versionNumber="5"/>
  </view_objects>
  <effects version="0007"/>
  <views>
    <view name="Singing Elements" models="Singing Bulb - LEFT,Singing Bulb - RIGHT"/>
    <view name="Test Matrix" models="Test Matrix"/>
    <view name="2nd-Floor Window" models="ALL LIGHTS,F - Second Floor Window Outline,TREES,TREE LEFT,TREE MIDDLE,TREE RIGHT"/>
  </views>
  <palettes/>
  <modelGroups>
    <modelGroup selected="0" LayoutGroup="Default" name="ALL LIGHTS" GridSize="400" XCentreOffset="0" YCentreOffset="0" layout="minimalGrid" TagColour="black" models="A - Garage Roof Trim Line,E - Garage Door Outline,F - Second Floor Window Outline,G - Under Roof Splash,TREE LEFT,TREE RIGHT,TREE MIDDLE"/>
    <modelGroup selected="0" LayoutGroup="Default" GridSize="400" XCentreOffset="0" YCentreOffset="0" layout="minimalGrid" TagColour="black" models="E - Garage Door Outline,A - Garage Roof Trim Line" name="GARAGE"/>
    <modelGroup selected="0" name="TREES" LayoutGroup="Default" models="TREE LEFT,TREE MIDDLE,TREE RIGHT" GridSize="400" XCentreOffset="0" YCentreOffset="0" layout="minimalGrid" TagColour="black"/>
    <modelGroup selected="0" name="TRIM" LayoutGroup="Default" GridSize="400" XCentreOffset="0" YCentreOffset="0" layout="minimalGrid" TagColour="black" models="A - Garage Roof Trim Line"/>
    <modelGroup selected="0" LayoutGroup="Default" GridSize="400" XCentreOffset="0" YCentreOffset="0" layout="minimalGrid" TagColour="black" name="FRAMES" models="F - Second Floor Window Outline,E - Garage Door Outline"/>
    <modelGroup selected="0" LayoutGroup="Default" name="ALL LIGHTS-NO TREES" GridSize="400" XCentreOffset="0" YCentreOffset="0" layout="minimalGrid" TagColour="black" models="A - Garage Roof Trim Line,E - Garage Door Outline,F - Second Floor Window Outline,G - Under Roof Splash"/>
    <modelGroup selected="0" name="FACES" LayoutGroup="Default" GridSize="400" XCentreOffset="0" YCentreOffset="0" layout="minimalGrid" TagColour="black" models="Singing Bulb - RIGHT,Singing Bulb - LEFT"/>
    <modelGroup selected="0" name="STROBES" LayoutGroup="Default" GridSize="400" XCentreOffset="0" YCentreOffset="0" DefaultCamera="2D" layout="minimalGrid" TagColour="black" models=""/>
  </modelGroups>
  <layoutGroups/>
  <perspectives current="Single-Screen">
    <perspective name="Default Perspective" settings="layout2|name=ModelPreview;caption=Model Preview;state=6293440;dir=4;layer=1;row=0;pos=0;prop=100000;bestw=250;besth=250;minw=-1;minh=-1;maxw=-1;maxh=-1;floatx=-1;floaty=-1;floatw=-1;floath=-1|name=HousePreview;caption=House Preview;state=6293440;dir=4;layer=1;row=0;pos=1;prop=100000;bestw=250;besth=250;minw=-1;minh=-1;maxw=-1;maxh=-1;floatx=-1;floaty=-1;floatw=-1;floath=-1|name=EffectAssist;caption=Effect Assist;state=2099198;dir=4;layer=1;row=0;pos=2;prop=100000;bestw=250;besth=250;minw=-1;minh=-1;maxw=-1;maxh=-1;floatx=-1;floaty=-1;floatw=-1;floath=-1|name=DisplayElements;caption=Display Elements;state=6293503;dir=4;layer=0;row=0;pos=0;prop=100000;bestw=600;besth=400;minw=-1;minh=-1;maxw=-1;maxh=-1;floatx=-1;floaty=-1;floatw=600;floath=400|name=Perspectives;caption=Perspectives;state=2099198;dir=4;layer=1;row=0;pos=0;prop=100000;bestw=20;besth=20;minw=-1;minh=-1;maxw=-1;maxh=-1;floatx=-1;floaty=-1;floatw=-1;floath=-1|name=Effect;caption=Effect Settings;state=2099196;dir=4;layer=0;row=1;pos=0;prop=100000;bestw=426;besth=812;minw=-1;minh=-1;maxw=-1;maxh=-1;floatx=-1;floaty=-1;floatw=-1;floath=-1|name=SelectEffect;caption=Select Effects;state=2099198;dir=4;layer=1;row=0;pos=0;prop=100000;bestw=20;besth=20;minw=-1;minh=-1;maxw=-1;maxh=-1;floatx=-1;floaty=-1;floatw=-1;floath=-1|name=SearchPanel;caption=Search Panel;state=2099198;dir=4;layer=1;row=0;pos=0;prop=100000;bestw=600;besth=600;minw=-1;minh=-1;maxw=-1;maxh=-1;floatx=-1;floaty=-1;floatw=-1;floath=-1|name=EffectDropper;caption=Effects;state=2099198;dir=1;layer=0;row=0;pos=0;prop=100000;bestw=1062;besth=708;minw=-1;minh=-1;maxw=-1;maxh=-1;floatx=-1;floaty=-1;floatw=-1;floath=-1|name=ValueCurveDropper;caption=Value Curves;state=2099198;dir=1;layer=0;row=0;pos=0;prop=100000;bestw=40;besth=40;minw=-1;minh=-1;maxw=-1;maxh=-1;floatx=-1;floaty=-1;floatw=-1;floath=-1|name=ColourDropper;caption=Colours;state=2099198;dir=1;layer=0;row=0;pos=0;prop=100000;bestw=20;besth=36;minw=-1;minh=-1;maxw=-1;maxh=-1;floatx=-1;floaty=-1;floatw=-1;floath=-1|name=Jukebox;caption=Jukebox;state=2099198;dir=1;layer=0;row=0;pos=0;prop=100000;bestw=100;besth=200;minw=-1;minh=-1;maxw=-1;maxh=-1;floatx=-1;floaty=-1;floatw=-1;floath=-1|name=FindData;caption=Find Data;state=2099198;dir=1;layer=0;row=0;pos=0;prop=100000;bestw=20;besth=20;minw=-1;minh=-1;maxw=-1;maxh=-1;floatx=-1;floaty=-1;floatw=-1;floath=-1|name=Color;caption=Color;state=2099196;dir=1;layer=0;row=0;pos=0;prop=100000;bestw=342;besth=349;minw=-1;minh=-1;maxw=-1;maxh=-1;floatx=-1;floaty=-1;floatw=-1;floath=-1|name=LayerTiming;caption=Layer Blending;state=2099196;dir=1;layer=0;row=0;pos=1;prop=100000;bestw=20;besth=20;minw=-1;minh=-1;maxw=-1;maxh=-1;floatx=-1;floaty=-1;floatw=-1;floath=-1|name=LayerSettings;caption=Layer Settings;state=2099196;dir=1;layer=0;row=0;pos=2;prop=100000;bestw=267;besth=393;minw=-1;minh=-1;maxw=-1;maxh=-1;floatx=-1;floaty=-1;floatw=-1;floath=-1|name=SequenceVideo;caption=Sequence Video;state=2099199;dir=4;layer=0;row=0;pos=0;prop=100000;bestw=280;besth=169;minw=-1;minh=-1;maxw=-1;maxh=-1;floatx=156;floaty=156;floatw=296;floath=208|name=Main Sequencer;caption=Main Sequencer;state=768;dir=5;layer=0;row=0;pos=0;prop=100000;bestw=118;besth=50;minw=-1;minh=-1;maxw=-1;maxh=-1;floatx=-1;floaty=-1;floatw=-1;floath=-1|dock_size(4,1,0)=252|dock_size(4,0,1)=350|dock_size(1,0,0)=139|dock_size(5,0,0)=120|" version="2.0"/>
    <perspective name="Single-Screen" settings="layout2|name=ModelPreview;caption=Model Preview;state=6293442;dir=4;layer=1;row=0;pos=1;prop=100000;bestw=250;besth=250;minw=-1;minh=-1;maxw=-1;maxh=-1;floatx=-1;floaty=-1;floatw=-1;floath=-1|name=HousePreview;caption=House Preview;state=6293500;dir=4;layer=1;row=0;pos=0;prop=131081;bestw=250;besth=250;minw=-1;minh=-1;maxw=-1;maxh=-1;floatx=-1;floaty=-1;floatw=-1;floath=-1|name=EffectAssist;caption=Effect Assist;state=2099198;dir=4;layer=1;row=0;pos=5;prop=100000;bestw=250;besth=250;minw=-1;minh=-1;maxw=-1;maxh=-1;floatx=-1;floaty=-1;floatw=-1;floath=-1|name=DisplayElements;caption=Display Elements;state=6293503;dir=4;layer=0;row=0;pos=0;prop=100000;bestw=600;besth=400;minw=-1;minh=-1;maxw=-1;maxh=-1;floatx=-1;floaty=-1;floatw=600;floath=400|name=Perspectives;caption=Perspectives;state=2099198;dir=4;layer=1;row=0;pos=1;prop=100000;bestw=20;besth=20;minw=-1;minh=-1;maxw=-1;maxh=-1;floatx=-1;floaty=-1;floatw=-1;floath=-1|name=Effect;caption=Effect Settings;state=2099196;dir=4;layer=1;row=0;pos=1;prop=100000;bestw=426;besth=812;minw=-1;minh=-1;maxw=-1;maxh=-1;floatx=161;floaty=1043;floatw=442;floath=851|name=SelectEffect;caption=Select Effects;state=2099198;dir=4;layer=1;row=0;pos=1;prop=100000;bestw=20;besth=20;minw=-1;minh=-1;maxw=-1;maxh=-1;floatx=-1;floaty=-1;floatw=-1;floath=-1|name=SearchPanel;caption=Search Panel;state=2099198;dir=4;layer=1;row=0;pos=1;prop=100000;bestw=600;besth=600;minw=-1;minh=-1;maxw=-1;maxh=-1;floatx=-1;floaty=-1;floatw=-1;floath=-1|name=EffectDropper;caption=Effects;state=2099198;dir=1;layer=0;row=0;pos=2;prop=100000;bestw=1062;besth=708;minw=-1;minh=-1;maxw=-1;maxh=-1;floatx=-1;floaty=-1;floatw=-1;floath=-1|name=ValueCurveDropper;caption=Value Curves;state=2099198;dir=1;layer=0;row=0;pos=2;prop=100000;bestw=40;besth=40;minw=-1;minh=-1;maxw=-1;maxh=-1;floatx=-1;floaty=-1;floatw=-1;floath=-1|name=ColourDropper;caption=Colours;state=2099198;dir=1;layer=0;row=0;pos=2;prop=100000;bestw=20;besth=36;minw=-1;minh=-1;maxw=-1;maxh=-1;floatx=-1;floaty=-1;floatw=-1;floath=-1|name=Jukebox;caption=Jukebox;state=2099198;dir=1;layer=0;row=0;pos=2;prop=100000;bestw=100;besth=200;minw=-1;minh=-1;maxw=-1;maxh=-1;floatx=-1;floaty=-1;floatw=-1;floath=-1|name=FindData;caption=Find Data;state=2099198;dir=1;layer=0;row=0;pos=2;prop=100000;bestw=20;besth=20;minw=-1;minh=-1;maxw=-1;maxh=-1;floatx=-1;floaty=-1;floatw=-1;floath=-1|name=Color;caption=Color;state=2099196;dir=1;layer=0;row=0;pos=0;prop=68919;bestw=342;besth=349;minw=-1;minh=-1;maxw=-1;maxh=-1;floatx=911;floaty=175;floatw=358;floath=388|name=LayerTiming;caption=Layer Blending;state=2099196;dir=1;layer=0;row=0;pos=1;prop=100000;bestw=20;besth=20;minw=-1;minh=-1;maxw=-1;maxh=-1;floatx=-1;floaty=-1;floatw=-1;floath=-1|name=LayerSettings;caption=Layer Settings;state=2099196;dir=1;layer=0;row=0;pos=2;prop=100000;bestw=267;besth=393;minw=-1;minh=-1;maxw=-1;maxh=-1;floatx=-1;floaty=-1;floatw=-1;floath=-1|name=SequenceVideo;caption=Sequence Video;state=2099199;dir=4;layer=0;row=0;pos=0;prop=100000;bestw=280;besth=169;minw=-1;minh=-1;maxw=-1;maxh=-1;floatx=234;floaty=234;floatw=296;floath=208|name=Main Sequencer;caption=Main Sequencer;state=768;dir=5;layer=0;row=0;pos=0;prop=100000;bestw=118;besth=50;minw=-1;minh=-1;maxw=-1;maxh=-1;floatx=-1;floaty=-1;floatw=-1;floath=-1|dock_size(4,1,0)=607|dock_size(1,0,0)=443|dock_size(5,0,0)=120|" version="2.0"/>
  </perspectives>
  <settings>
    <Display2DCenter0 value="0"/>
    <Display2DGrid value="0"/>
    <Display2DBoundingBox value="0"/>
    <backgroundBrightness value="30"/>
    <backgroundImage value=""/>
    <scaleImage value="0"/>
    <defaultSeqView value=""/>
    <previewWidth value="1280"/>
    <previewHeight value="720"/>
  </settings>
  <colors>
    <DisabledEffect Red="200" Green="200" Blue="0"/>
    <EffectDefault Red="192" Green="192" Blue="192"/>
    <EffectSelected Red="204" Green="102" Blue="255"/>
    <EffectSelectedDisabled Red="200" Green="200" Blue="64"/>
    <EffectSelectedFixed Red="255" Green="128" Blue="0"/>
    <EffectSelectedLocked Red="200" Green="0" Blue="64"/>
    <GridDashes Red="255" Green="255" Blue="0"/>
    <Gridlines Red="40" Green="40" Blue="40"/>
    <LabelOutline Red="103" Green="103" Blue="103"/>
    <Labels Red="255" Green="255" Blue="204"/>
    <LayoutDashes Red="255" Green="255" Blue="0"/>
    <LockedEffect Red="200" Green="0" Blue="0"/>
    <ModelDefault Red="211" Green="211" Blue="211"/>
    <ModelOverlap Red="255" Green="0" Blue="0"/>
    <ModelSelected Red="255" Green="255" Blue="0"/>
    <Phonemes Red="255" Green="181" Blue="218"/>
    <Phrases Red="153" Green="255" Blue="153"/>
    <ReferenceEffect Red="255" Green="0" Blue="255"/>
    <ReferenceEffectDisabled Red="255" Green="255" Blue="127"/>
    <ReferenceEffectLocked Red="255" Green="0" Blue="127"/>
    <RowHeaderSelected Red="130" Green="178" Blue="207"/>
    <Timing1 Red="0" Green="255" Blue="255"/>
    <Timing2 Red="255" Green="0" Blue="0"/>
    <Timing3 Red="0" Green="255" Blue="0"/>
    <Timing4 Red="0" Green="0" Blue="255"/>
    <Timing5 Red="255" Green="255" Blue="0"/>
    <TimingDefault Red="255" Green="255" Blue="255"/>
    <Waveform Red="130" Green="178" Blue="207"/>
    <WaveformSelected Red="0" Green="0" Blue="200"/>
    <WaveformSelectedEffect Red="255" Green="128" Blue="0"/>
    <Words Red="255" Green="218" Blue="145"/>
  </colors>
  <Viewpoints>
    <Camera name="Front_Street_View" posX="0.000000" posY="0.000000" posZ="0.000000" angleX="350.000000" angleY="0.000000" angleZ="0.000000" distance="-2000.000000" zoom="0.377744" panx="21.312090" pany="-204.374115" panz="0.205959" zoom_corrx="0.000000" zoom_corry="0.000000" is_3d="1"/>
    <Camera name="Front_Street_View_Right" posX="0.000000" posY="0.000000" posZ="0.000000" angleX="350.000000" angleY="329.000000" angleZ="0.000000" distance="-2000.000000" zoom="0.377744" panx="21.312090" pany="-204.374115" panz="0.205959" zoom_corrx="0.000000" zoom_corry="0.000000" is_3d="1"/>
    <Camera name="Front_Street_View_Left" posX="0.000000" posY="0.000000" posZ="0.000000" angleX="349.000000" angleY="20.000000" angleZ="0.000000" distance="-2000.000000" zoom="0.377744" panx="21.312090" pany="-204.374115" panz="0.205959" zoom_corrx="0.000000" zoom_corry="0.000000" is_3d="1"/>
    <Camera name="Front_Street_View_Far" posX="0.000000" posY="0.000000" posZ="0.000000" angleX="350.000000" angleY="1.000000" angleZ="0.000000" distance="-2000.000000" zoom="0.542049" panx="-15.112581" pany="-243.934006" panz="0.442771" zoom_corrx="0.000000" zoom_corry="0.000000" is_3d="1"/>
  </Viewpoints>
</xrgb>
