<?xml version="1.0" encoding="UTF-8"?>
<report version="1.0" kind="exception">
  <system description="Windows 11 (build 22635), 64-bit edition"/>
  <modules>
    <module path="C:\Program Files\xLights\xLights.exe" address="0x7ff771540000" size="0x2a67000"/>
    <module path="C:\Windows\SYSTEM32\ntdll.dll" address="0x7ffbb4570000" size="0x217000" version="10.0.22621.2552"/>
    <module path="C:\Windows\System32\KERNEL32.DLL" address="0x7ffbb3130000" size="0xc4000" version="10.0.22621.2483"/>
    <module path="C:\Windows\System32\KERNELBASE.dll" address="0x7ffbb18f0000" size="0x3a7000" version="10.0.22621.2552"/>
    <module path="C:\Windows\SYSTEM32\apphelp.dll" address="0x7ffbaec10000" size="0x97000" version="10.0.22621.2552"/>
    <module path="C:\Windows\System32\USER32.dll" address="0x7ffbb3200000" size="0x1ae000" version="10.0.22621.2483"/>
    <module path="C:\Windows\System32\win32u.dll" address="0x7ffbb2160000" size="0x26000" version="10.0.22621.2552"/>
    <module path="C:\Windows\System32\GDI32.dll" address="0x7ffbb4400000" size="0x29000" version="10.0.22621.2483"/>
    <module path="C:\Windows\System32\gdi32full.dll" address="0x7ffbb1ed0000" size="0x119000" version="10.0.22621.2552"/>
    <module path="C:\Windows\System32\msvcp_win.dll" address="0x7ffbb1d10000" size="0x9a000" version="10.0.22621.2483"/>
    <module path="C:\Windows\System32\ucrtbase.dll" address="0x7ffbb1db0000" size="0x111000" version="10.0.22621.2483"/>
    <module path="C:\Windows\System32\ADVAPI32.dll" address="0x7ffbb2650000" size="0xb0000" version="10.0.22621.2483"/>
    <module path="C:\Windows\System32\msvcrt.dll" address="0x7ffbb2820000" size="0xa7000" version="7.0.22621.2483"/>
    <module path="C:\Windows\System32\sechost.dll" address="0x7ffbb3fd0000" size="0xa6000" version="10.0.22621.2483"/>
    <module path="C:\Windows\System32\RPCRT4.dll" address="0x7ffbb22d0000" size="0x117000" version="10.0.22621.2552"/>
    <module path="C:\Windows\System32\ole32.dll" address="0x7ffbb41c0000" size="0x1a0000" version="10.0.22621.2552"/>
    <module path="C:\Windows\System32\combase.dll" address="0x7ffbb3c40000" size="0x389000" version="10.0.22621.2552"/>
    <module path="C:\Windows\System32\WS2_32.dll" address="0x7ffbb2530000" size="0x71000" version="10.0.22621.1"/>
    <module path="C:\Windows\System32\SHLWAPI.dll" address="0x7ffbb39c0000" size="0x5e000" version="10.0.22621.2483"/>
    <module path="C:\Windows\SYSTEM32\MSVCP140.dll" address="0x7ffb971b0000" size="0x8e000" version="14.32.31332.0"/>
    <module path="C:\Windows\WinSxS\amd64_microsoft.windows.common-controls_6595b64144ccf1df_6.0.22621.2483_none_2714a1b573815e84\COMCTL32.dll" address="0x7ffba1c80000" size="0x293000" version="6.10.22621.2483"/>
    <module path="C:\Windows\System32\COMDLG32.dll" address="0x7ffbb2720000" size="0xf9000" version="10.0.22621.2483"/>
    <module path="C:\Windows\SYSTEM32\OLEACC.dll" address="0x7ffba1c10000" size="0x69000" version="7.2.22621.1"/>
    <module path="C:\Windows\SYSTEM32\UxTheme.dll" address="0x7ffbaed10000" size="0xab000" version="10.0.22621.2483"/>
    <module path="C:\Windows\System32\shcore.dll" address="0x7ffbb4430000" size="0xf3000" version="10.0.22621.2483"/>
    <module path="C:\Windows\System32\SHELL32.dll" address="0x7ffbb28d0000" size="0x858000" version="10.0.22621.2552"/>
    <module path="C:\Windows\SYSTEM32\IPHLPAPI.DLL" address="0x7ffbb03a0000" size="0x2d000" version="10.0.22621.1"/>
    <module path="C:\Windows\System32\OLEAUT32.dll" address="0x7ffbb40e0000" size="0xd7000" version="10.0.22621.2483"/>
    <module path="C:\Program Files\xLights\hidapi.dll" address="0x7ffb95270000" size="0x1e000"/>
    <module path="C:\Windows\System32\SETUPAPI.dll" address="0x7ffbb33b0000" size="0x474000" version="10.0.22621.2483"/>
    <module path="C:\Program Files\xLights\avutil-57.dll" address="0x7ffb24600000" size="0x23d000" version="57.19.100.0"/>
    <module path="C:\Program Files\xLights\avcodec-59.dll" address="0x7ffa9dfd0000" size="0x3660000" version="59.20.100.0"/>
    <module path="C:\Program Files\xLights\avformat-59.dll" address="0x7ffa9d350000" size="0xc73000" version="59.17.101.0"/>
    <module path="C:\Windows\System32\CRYPT32.dll" address="0x7ffbb1ff0000" size="0x166000" version="10.0.22621.2483"/>
    <module path="C:\Program Files\xLights\swresample-4.dll" address="0x7ffb74080000" size="0xd0000" version="4.4.100.0"/>
    <module path="C:\Windows\SYSTEM32\VCRUNTIME140.dll" address="0x7ffb97240000" size="0x1b000" version="14.32.31332.0"/>
    <module path="C:\Windows\SYSTEM32\VCRUNTIME140_1.dll" address="0x7ffb97160000" size="0xc000" version="14.32.31332.0"/>
    <module path="C:\Windows\SYSTEM32\VERSION.dll" address="0x7ffba9060000" size="0xa000" version="10.0.22621.1"/>
    <module path="C:\Windows\SYSTEM32\MSIMG32.dll" address="0x7ffba6860000" size="0x7000" version="10.0.22621.2483"/>
    <module path="C:\Windows\SYSTEM32\OPENGL32.dll" address="0x7ffb8ec90000" size="0x100000" version="10.0.22621.2483"/>
    <module path="C:\Windows\SYSTEM32\WINSPOOL.DRV" address="0x7ffba4610000" size="0xa8000" version="10.0.22621.2552"/>
    <module path="C:\Program Files\xLights\swscale-6.dll" address="0x7ffb62520000" size="0xbd000" version="6.5.100.0"/>
    <module path="C:\Windows\SYSTEM32\bcrypt.dll" address="0x7ffbb1280000" size="0x28000" version="10.0.22621.2483"/>
    <module path="C:\Windows\SYSTEM32\CFGMGR32.dll" address="0x7ffbb15e0000" size="0x4e000" version="10.0.22621.2483"/>
    <module path="C:\Windows\SYSTEM32\MFPlat.DLL" address="0x7ffbaa870000" size="0x1ce000" version="10.0.22621.2483"/>
    <module path="C:\Windows\SYSTEM32\USERENV.dll" address="0x7ffbb0ee0000" size="0x2c000" version="10.0.22621.2483"/>
    <module path="C:\Windows\SYSTEM32\Secur32.dll" address="0x7ffbb0770000" size="0xc000" version="10.0.22621.1"/>
    <module path="C:\Windows\SYSTEM32\GLU32.dll" address="0x7ffbacc90000" size="0x2d000" version="10.0.22621.2483"/>
    <module path="C:\Windows\SYSTEM32\dxcore.dll" address="0x7ffbaf000000" size="0x36000" version="10.0.22621.2483"/>
    <module path="C:\Windows\SYSTEM32\SSPICLI.DLL" address="0x7ffbb0c10000" size="0x42000" version="10.0.22621.2483"/>
    <module path="C:\Program Files\xLights\SDL2.dll" address="0x6c740000" size="0x151000" version="2.0.8.0"/>
    <module path="C:\Windows\System32\IMM32.dll" address="0x7ffbb3830000" size="0x31000" version="10.0.22621.2483"/>
    <module path="C:\Windows\SYSTEM32\WINMM.dll" address="0x7ffba9ad0000" size="0x34000" version="10.0.22621.2483"/>
    <module path="C:\Program Files\xLights\libcurl-x64.dll" address="0x7ffab9dc0000" size="0x538000" version="7.80.0.0"/>
    <module path="C:\Windows\System32\WLDAP32.dll" address="0x7ffbb23f0000" size="0x62000" version="10.0.22621.2483"/>
    <module path="C:\Windows\SYSTEM32\kernel.appcore.dll" address="0x7ffbb0940000" size="0x18000" version="10.0.22621.2552"/>
    <module path="C:\Windows\System32\bcryptPrimitives.dll" address="0x7ffbb2250000" size="0x7a000" version="10.0.22621.2483"/>
    <module path="C:\Windows\SYSTEM32\RTWorkQ.DLL" address="0x7ffbab460000" size="0x33000" version="10.0.22621.1"/>
    <module path="C:\Windows\SYSTEM32\CRYPTSP.dll" address="0x7ffbb1040000" size="0x1b000" version="10.0.22621.2483"/>
    <module path="C:\Windows\system32\rsaenh.dll" address="0x7ffbb0900000" size="0x35000" version="10.0.22621.1"/>
    <module path="C:\Windows\SYSTEM32\CRYPTBASE.dll" address="0x7ffbb1060000" size="0xc000" version="10.0.22621.1"/>
    <module path="C:\Windows\SYSTEM32\DEVOBJ.dll" address="0x7ffbb15b0000" size="0x2c000" version="10.0.22621.2483"/>
    <module path="C:\Windows\System32\WINTRUST.dll" address="0x7ffbb1ca0000" size="0x6c000" version="10.0.22621.2483"/>
    <module path="C:\Windows\SYSTEM32\MSASN1.dll" address="0x7ffbb1590000" size="0x12000" version="10.0.22621.2483"/>
    <module path="C:\Windows\System32\clbcatq.dll" address="0x7ffbb2460000" size="0xb0000" version="2001.12.10941.16384"/>
    <module path="C:\Windows\System32\MMDevApi.dll" address="0x7ffba67c0000" size="0x9d000" version="10.0.22621.2483"/>
    <module path="C:\Windows\SYSTEM32\DSOUND.DLL" address="0x7ffaba710000" size="0xa2000" version="10.0.22621.2483"/>
    <module path="C:\Windows\SYSTEM32\ResampleDmo.DLL" address="0x7ffaba650000" size="0xb1000" version="10.0.22621.2483"/>
    <module path="C:\Windows\SYSTEM32\winmmbase.dll" address="0x7ffb970a0000" size="0x29000" version="10.0.22621.1"/>
    <module path="C:\Windows\SYSTEM32\powrprof.dll" address="0x7ffbb0700000" size="0x4d000" version="10.0.22621.2483"/>
    <module path="C:\Windows\SYSTEM32\msdmo.dll" address="0x7ffb714e0000" size="0xb000" version="10.0.22621.1"/>
    <module path="C:\Windows\SYSTEM32\UMPDC.dll" address="0x7ffbb06e0000" size="0x13000" version="10.0.22621.1"/>
    <module path="C:\Windows\SYSTEM32\wdmaud.drv" address="0x7ffb286f0000" size="0x46000" version="10.0.22621.1"/>
    <module path="C:\Windows\SYSTEM32\AVRT.dll" address="0x7ffbabaa0000" size="0xb000" version="10.0.22621.2483"/>
    <module path="C:\Windows\SYSTEM32\ksuser.dll" address="0x7ffb70e70000" size="0x9000" version="10.0.22621.1"/>
    <module path="C:\Windows\SYSTEM32\AUDIOSES.DLL" address="0x7ffba05d0000" size="0x1ec000" version="10.0.22621.2483"/>
    <module path="C:\Windows\SYSTEM32\msacm32.drv" address="0x7ffbaba50000" size="0xe000" version="10.0.22621.2552"/>
    <module path="C:\Windows\SYSTEM32\MSACM32.dll" address="0x7ffb647d0000" size="0x1e000" version="10.0.22621.1"/>
    <module path="C:\Windows\SYSTEM32\midimap.dll" address="0x7ffbaba40000" size="0xb000" version="10.0.22621.2552"/>
    <module path="C:\Windows\SYSTEM32\mfreadwrite.dll" address="0x7ffb16c20000" size="0x11f000" version="10.0.22621.2483"/>
    <module path="C:\Windows\SYSTEM32\d3d11.dll" address="0x7ffbad960000" size="0x257000" version="10.0.22621.2483"/>
    <module path="C:\Windows\SYSTEM32\dxgi.dll" address="0x7ffbaee80000" size="0xf8000" version="10.0.22621.2483"/>
    <module path="C:\Windows\System32\MSCTF.dll" address="0x7ffbb3870000" size="0x150000" version="10.0.22621.2552"/>
    <module path="C:\Windows\SYSTEM32\textinputframework.dll" address="0x7ffb93dc0000" size="0x14a000" version="10.0.22621.2552"/>
    <module path="C:\Windows\SYSTEM32\CoreMessaging.dll" address="0x7ffbae840000" size="0x133000" version="10.0.22621.2552"/>
    <module path="C:\Windows\SYSTEM32\CoreUIComponents.dll" address="0x7ffbaafa0000" size="0x36c000" version="10.0.22621.2483"/>
    <module path="C:\Windows\SYSTEM32\wintypes.dll" address="0x7ffbaf690000" size="0x13e000" version="10.0.22621.2552"/>
    <module path="C:\Windows\SYSTEM32\windows.storage.dll" address="0x7ffbaf7d0000" size="0x8f6000" version="10.0.22621.2552"/>
    <module path="C:\Windows\SYSTEM32\WindowsCodecs.dll" address="0x7ffbad530000" size="0x1b0000" version="10.0.22621.2483"/>
    <module path="C:\Windows\SYSTEM32\profapi.dll" address="0x7ffbb1820000" size="0x26000" version="10.0.22621.2483"/>
    <module path="C:\Windows\SYSTEM32\TextShaping.dll" address="0x7ffb73ab0000" size="0xb0000" version="10.0.22621.2552"/>
    <module path="C:\Windows\system32\explorerframe.dll" address="0x7ffb71ee0000" size="0x2a9000" version="10.0.22621.2486"/>
    <module path="C:\Windows\system32\mswsock.dll" address="0x7ffbb0e20000" size="0x69000" version="10.0.22621.2483"/>
    <module path="C:\Windows\SYSTEM32\DNSAPI.dll" address="0x7ffbb0410000" size="0xf9000" version="10.0.22621.2483"/>
    <module path="C:\Windows\System32\NSI.dll" address="0x7ffbb25b0000" size="0x9000" version="10.0.22621.1"/>
    <module path="C:\Program Files\Bonjour\mdnsNSP.dll" address="0x6ae40000" size="0x35000" version="2.0.2.0"/>
    <module path="C:\Windows\System32\rasadhlp.dll" address="0x7ffba45b0000" size="0xa000" version="10.0.22621.1"/>
    <module path="C:\Windows\System32\fwpuclnt.dll" address="0x7ffba8b10000" size="0x83000" version="10.0.22621.2552"/>
    <module path="C:\Windows\System32\AppXDeploymentClient.dll" address="0x7ffba8e70000" size="0x135000" version="10.0.22621.2552"/>
    <module path="C:\Windows\System32\DriverStore\FileRepository\nv_dispi.inf_amd64_677da8a9230cea15\nvoglv64.dll" address="0x7ffa9a170000" size="0x2bec000" version="31.0.15.4601"/>
    <module path="C:\Windows\SYSTEM32\WTSAPI32.dll" address="0x7ffbb0750000" size="0x14000" version="10.0.22621.1"/>
    <module path="C:\Windows\SYSTEM32\cryptnet.dll" address="0x7ffba87a0000" size="0x32000" version="10.0.22621.1"/>
    <module path="C:\Windows\SYSTEM32\drvstore.dll" address="0x7ffba8640000" size="0x158000" version="10.0.22621.2483"/>
    <module path="C:\Windows\SYSTEM32\wldp.dll" address="0x7ffbb1160000" size="0x4b000" version="10.0.22621.2552"/>
    <module path="C:\Windows\System32\imagehlp.dll" address="0x7ffbb2700000" size="0x1f000" version="10.0.22621.1"/>
    <module path="C:\Windows\SYSTEM32\gpapi.dll" address="0x7ffbb0eb0000" size="0x26000" version="10.0.22621.2483"/>
    <module path="C:\Windows\System32\DriverStore\FileRepository\nv_dispi.inf_amd64_677da8a9230cea15\nvgpucomp64.dll" address="0x7ffba1f20000" size="0x21ee000" version="31.0.15.4601"/>
    <module path="C:\Windows\SYSTEM32\ntmarta.dll" address="0x7ffbb09c0000" size="0x34000" version="10.0.22621.1"/>
    <module path="C:\Windows\system32\nvspcap64.dll" address="0x7ffb5a170000" size="0x2d1000" version="3.27.0.112"/>
    <module path="C:\Windows\SYSTEM32\dwmapi.dll" address="0x7ffbaef90000" size="0x2b000" version="10.0.22621.2483"/>
    <module path="C:\Windows\SYSTEM32\WINSTA.dll" address="0x7ffbb0320000" size="0x66000" version="10.0.22621.2483"/>
    <module path="C:\Windows\system32\dataexchange.dll" address="0x7ffb72760000" size="0x5e000" version="10.0.22621.2483"/>
    <module path="C:\Windows\system32\twinapi.appcore.dll" address="0x7ffbabb80000" size="0x285000" version="10.0.22621.2552"/>
    <module path="C:\Program Files\Common Files\microsoft shared\ink\tiptsf.dll" address="0x7ffa8d410000" size="0xa0000" version="10.0.22621.2483"/>
    <module path="C:\Windows\SYSTEM32\WINNSI.DLL" address="0x7ffbaefc0000" size="0xd000" version="10.0.22621.1"/>
    <module path="C:\Windows\SYSTEM32\dhcpcsvc.DLL" address="0x7ffba9590000" size="0x1f000" version="10.0.22621.2483"/>
    <module path="C:\Windows\SYSTEM32\d2d1.dll" address="0x7ffbadbc0000" size="0x5ee000" version="10.0.22621.2552"/>
    <module path="C:\Windows\SYSTEM32\dwrite.dll" address="0x7ffbad6e0000" size="0x273000" version="10.0.22621.2552"/>
    <module path="C:\Windows\system32\napinsp.dll" address="0x7ffb71930000" size="0x17000" version="10.0.22621.1"/>
    <module path="C:\Windows\system32\pnrpnsp.dll" address="0x7ffb71910000" size="0x1b000" version="10.0.22621.1"/>
    <module path="C:\Windows\System32\winrnr.dll" address="0x7ffb718f0000" size="0x11000" version="10.0.22621.1"/>
    <module path="C:\Windows\system32\wshbth.dll" address="0x7ffba8d60000" size="0x15000" version="10.0.22621.2483"/>
    <module path="C:\Windows\system32\nlansp_c.dll" address="0x7ffb71880000" size="0x21000" version="10.0.22621.2483"/>
    <module path="C:\Windows\SYSTEM32\DUser.dll" address="0x7ffb75630000" size="0x99000" version="10.0.22621.1"/>
    <module path="C:\Windows\SYSTEM32\atlthunk.dll" address="0x7ffb7fc90000" size="0xe000" version="10.0.22621.1"/>
    <module path="C:\Windows\SYSTEM32\dbghelp.dll" address="0x7ffb9e500000" size="0x233000" version="10.0.22621.2552"/>
    <module path="C:\Windows\SYSTEM32\dbgcore.DLL" address="0x7ffb8e030000" size="0x32000" version="10.0.22621.1"/>
  </modules>
  <context>
    <exception code="0xc0000005" name="ACCESS_VIOLATION" address="0x7ff771d8b5ac"/>
  </context>
  <stack>
    <frame level="0" function="pcre2_get_mark_16" offset="0x60e83c" address="0x7ff771d8b5ac"/>
    <frame level="1" function="pcre2_get_mark_16" offset="0x627bf3" address="0x7ff771da4963"/>
    <frame level="2" function="pcre2_get_mark_16" offset="0x5c6d2c" address="0x7ff771d43a9c"/>
    <frame level="3" function="pcre2_get_mark_16" offset="0x4edf18" address="0x7ff771c6ac88"/>
    <frame level="4" function="pcre2_get_mark_16" offset="0x4e0be4" address="0x7ff771c5d954"/>
    <frame level="5" function="pcre2_get_mark_16" offset="0x8e238b" address="0x7ff77205f0fb"/>
    <frame level="6" function="pcre2_get_mark_16" offset="0x8e1289" address="0x7ff77205dff9"/>
    <frame level="7" function="pcre2_get_mark_16" offset="0xa8cbba" address="0x7ff77220992a"/>
    <frame level="8" function="pcre2_get_mark_16" offset="0xa8bac5" address="0x7ff772208835"/>
    <frame level="9" function="pcre2_get_mark_16" offset="0xa8c14e" address="0x7ff772208ebe"/>
    <frame level="10" function="pcre2_get_mark_16" offset="0xa98d07" address="0x7ff772215a77"/>
    <frame level="11" function="pcre2_get_startchar_16" offset="0x44ef4" address="0x7ff7722a9fe4"/>
    <frame level="12" function="pcre2_get_startchar_16" offset="0x4512a" address="0x7ff7722aa21a"/>
    <frame level="13" function="pcre2_get_mark_16" offset="0xa97f77" address="0x7ff772214ce7"/>
    <frame level="14" function="pcre2_get_startchar_16" offset="0x3dd4c" address="0x7ff7722a2e3c"/>
    <frame level="15" function="pcre2_get_mark_16" offset="0xab5998" address="0x7ff772232708"/>
    <frame level="16" function="pcre2_set_substitute_callout_16" offset="0x32a37e" address="0x7ff772662d6e"/>
    <frame level="17" function="BaseThreadInitThunk" offset="0x1d" address="0x7ffbb314257d"/>
    <frame level="18" function="RtlUserThreadStart" offset="0x28" address="0x7ffbb45caa58"/>
  </stack>
</report>
