<?xml version="1.0" encoding="UTF-8"?>
<report version="1.0" kind="exception">
  <system description="Windows 11 (build 22635), 64-bit edition"/>
  <modules>
    <module path="C:\Program Files\xLights\xLights.exe" address="0x7ff7074a0000" size="0x2a67000"/>
    <module path="C:\Windows\SYSTEM32\ntdll.dll" address="0x7fff74910000" size="0x217000" version="10.0.22621.2706"/>
    <module path="C:\Windows\System32\KERNEL32.DLL" address="0x7fff73740000" size="0xc4000" version="10.0.22621.2706"/>
    <module path="C:\Windows\System32\KERNELBASE.dll" address="0x7fff71c80000" size="0x3a5000" version="10.0.22621.2771"/>
    <module path="C:\Windows\System32\USER32.dll" address="0x7fff72ba0000" size="0x1ae000" version="10.0.22621.2706"/>
    <module path="C:\Windows\System32\win32u.dll" address="0x7fff72400000" size="0x26000" version="10.0.22621.2706"/>
    <module path="C:\Windows\System32\GDI32.dll" address="0x7fff743d0000" size="0x29000" version="10.0.22621.2706"/>
    <module path="C:\Windows\System32\gdi32full.dll" address="0x7fff72150000" size="0x119000" version="10.0.22621.2706"/>
    <module path="C:\Windows\System32\msvcp_win.dll" address="0x7fff72360000" size="0x9a000" version="10.0.22621.2706"/>
    <module path="C:\Windows\System32\ucrtbase.dll" address="0x7fff72030000" size="0x111000" version="10.0.22621.2706"/>
    <module path="C:\Windows\System32\ADVAPI32.dll" address="0x7fff73a10000" size="0xb1000" version="10.0.22621.2771"/>
    <module path="C:\Windows\System32\msvcrt.dll" address="0x7fff74400000" size="0xa7000" version="7.0.22621.2706"/>
    <module path="C:\Windows\System32\sechost.dll" address="0x7fff73940000" size="0xa6000" version="10.0.22621.2706"/>
    <module path="C:\Windows\System32\RPCRT4.dll" address="0x7fff747a0000" size="0x117000" version="10.0.22621.2706"/>
    <module path="C:\Windows\System32\ole32.dll" address="0x7fff74600000" size="0x1a0000" version="10.0.22621.2706"/>
    <module path="C:\Windows\System32\combase.dll" address="0x7fff72790000" size="0x389000" version="10.0.22621.2706"/>
    <module path="C:\Windows\System32\WS2_32.dll" address="0x7fff72710000" size="0x71000" version="10.0.22621.1"/>
    <module path="C:\Windows\SYSTEM32\MSVCP140.dll" address="0x7fff5de00000" size="0x8d000" version="14.38.33130.0"/>
    <module path="C:\Windows\System32\SHLWAPI.dll" address="0x7fff74150000" size="0x5e000" version="10.0.22621.2706"/>
    <module path="C:\Windows\WinSxS\amd64_microsoft.windows.common-controls_6595b64144ccf1df_6.0.22621.2706_none_270c5aa17388e1a2\COMCTL32.dll" address="0x7fff64f40000" size="0x293000" version="6.10.22621.2706"/>
    <module path="C:\Windows\System32\COMDLG32.dll" address="0x7fff742d0000" size="0xf9000" version="10.0.22621.2706"/>
    <module path="C:\Windows\System32\shcore.dll" address="0x7fff741b0000" size="0xf3000" version="10.0.22621.2771"/>
    <module path="C:\Windows\SYSTEM32\UxTheme.dll" address="0x7fff6f0a0000" size="0xab000" version="10.0.22621.2706"/>
    <module path="C:\Windows\System32\SHELL32.dll" address="0x7fff72e40000" size="0x859000" version="10.0.22621.2771"/>
    <module path="C:\Windows\SYSTEM32\OLEACC.dll" address="0x7fff64e20000" size="0x69000" version="7.2.22621.1"/>
    <module path="C:\Program Files\xLights\hidapi.dll" address="0x7fff6dc90000" size="0x1e000"/>
    <module path="C:\Windows\System32\OLEAUT32.dll" address="0x7fff73810000" size="0xd7000" version="10.0.22621.2706"/>
    <module path="C:\Program Files\xLights\libcurl-x64.dll" address="0x7ffe6d030000" size="0x538000" version="7.80.0.0"/>
    <module path="C:\Windows\SYSTEM32\IPHLPAPI.DLL" address="0x7fff70770000" size="0x2d000" version="10.0.22621.1"/>
    <module path="C:\Windows\System32\CRYPT32.dll" address="0x7fff72430000" size="0x166000" version="10.0.22621.2706"/>
    <module path="C:\Windows\System32\WLDAP32.dll" address="0x7fff72d50000" size="0x62000" version="10.0.22621.2706"/>
    <module path="C:\Windows\System32\SETUPAPI.dll" address="0x7fff73b10000" size="0x474000" version="10.0.22621.2706"/>
    <module path="C:\Program Files\xLights\avutil-57.dll" address="0x7fff3b0f0000" size="0x23d000" version="57.19.100.0"/>
    <module path="C:\Program Files\xLights\swresample-4.dll" address="0x7fff4c180000" size="0xd0000" version="4.4.100.0"/>
    <module path="C:\Program Files\xLights\SDL2.dll" address="0x6c740000" size="0x151000" version="2.0.8.0"/>
    <module path="C:\Windows\System32\IMM32.dll" address="0x7fff73ad0000" size="0x31000" version="10.0.22621.2706"/>
    <module path="C:\Windows\SYSTEM32\VCRUNTIME140.dll" address="0x7fff5e3e0000" size="0x1d000" version="14.38.33130.0"/>
    <module path="C:\Windows\SYSTEM32\VCRUNTIME140_1.dll" address="0x7fff5e3d0000" size="0xc000" version="14.38.33130.0"/>
    <module path="C:\Windows\SYSTEM32\VERSION.dll" address="0x7fff6a740000" size="0xa000" version="10.0.22621.1"/>
    <module path="C:\Windows\SYSTEM32\MSIMG32.dll" address="0x7fff653a0000" size="0x7000" version="10.0.22621.2706"/>
    <module path="C:\Windows\SYSTEM32\OPENGL32.dll" address="0x7fff3c130000" size="0x100000" version="10.0.22621.2706"/>
    <module path="C:\Windows\SYSTEM32\WINSPOOL.DRV" address="0x7fff64e90000" size="0xa8000" version="10.0.22621.2706"/>
    <module path="C:\Windows\SYSTEM32\bcrypt.dll" address="0x7fff71610000" size="0x28000" version="10.0.22621.2706"/>
    <module path="C:\Windows\SYSTEM32\CFGMGR32.dll" address="0x7fff71970000" size="0x4e000" version="10.0.22621.2706"/>
    <module path="C:\Windows\SYSTEM32\WINMM.dll" address="0x7fff6a770000" size="0x34000" version="10.0.22621.2706"/>
    <module path="C:\Windows\SYSTEM32\GLU32.dll" address="0x7fff4c420000" size="0x2d000" version="10.0.22621.2706"/>
    <module path="C:\Windows\SYSTEM32\dxcore.dll" address="0x7fff6f390000" size="0x36000" version="10.0.22621.2706"/>
    <module path="C:\Program Files\xLights\avcodec-59.dll" address="0x7ffe649d0000" size="0x3660000" version="59.20.100.0"/>
    <module path="C:\Windows\SYSTEM32\MFPlat.DLL" address="0x7fff6b380000" size="0x1ce000" version="10.0.22621.2706"/>
    <module path="C:\Windows\SYSTEM32\USERENV.dll" address="0x7fff71270000" size="0x2c000" version="10.0.22621.2706"/>
    <module path="C:\Program Files\xLights\avformat-59.dll" address="0x7ffe6c3b0000" size="0xc73000" version="59.17.101.0"/>
    <module path="C:\Windows\SYSTEM32\Secur32.dll" address="0x7fff70b00000" size="0xc000" version="10.0.22621.1"/>
    <module path="C:\Windows\SYSTEM32\SSPICLI.DLL" address="0x7fff70f90000" size="0x42000" version="10.0.22621.2706"/>
    <module path="C:\Program Files\xLights\swscale-6.dll" address="0x7fff3c920000" size="0xbd000" version="6.5.100.0"/>
    <module path="C:\Windows\SYSTEM32\kernel.appcore.dll" address="0x7fff70cd0000" size="0x18000" version="10.0.22621.2771"/>
    <module path="C:\Windows\System32\bcryptPrimitives.dll" address="0x7fff72270000" size="0x7a000" version="10.0.22621.2706"/>
    <module path="C:\Windows\SYSTEM32\RTWorkQ.DLL" address="0x7fff6b0d0000" size="0x33000" version="10.0.22621.1"/>
    <module path="C:\Windows\SYSTEM32\CRYPTSP.dll" address="0x7fff713e0000" size="0x1b000" version="10.0.22621.2706"/>
    <module path="C:\Windows\system32\rsaenh.dll" address="0x7fff70c90000" size="0x35000" version="10.0.22621.1"/>
    <module path="C:\Windows\SYSTEM32\CRYPTBASE.dll" address="0x7fff713d0000" size="0xc000" version="10.0.22621.1"/>
    <module path="C:\Windows\SYSTEM32\DEVOBJ.dll" address="0x7fff71940000" size="0x2c000" version="10.0.22621.2706"/>
    <module path="C:\Windows\System32\WINTRUST.dll" address="0x7fff722f0000" size="0x6c000" version="10.0.22621.2706"/>
    <module path="C:\Windows\SYSTEM32\MSASN1.dll" address="0x7fff71920000" size="0x12000" version="10.0.22621.2706"/>
    <module path="C:\Windows\System32\clbcatq.dll" address="0x7fff72660000" size="0xb0000" version="2001.12.10941.16384"/>
    <module path="C:\Windows\System32\MMDevApi.dll" address="0x7fff67ca0000" size="0x9d000" version="10.0.22621.2706"/>
    <module path="C:\Windows\SYSTEM32\DSOUND.DLL" address="0x7ffebf920000" size="0xa2000" version="10.0.22621.2706"/>
    <module path="C:\Windows\SYSTEM32\ResampleDmo.DLL" address="0x7ffebf860000" size="0xb1000" version="10.0.22621.2706"/>
    <module path="C:\Windows\SYSTEM32\powrprof.dll" address="0x7fff70a90000" size="0x4d000" version="10.0.22621.2706"/>
    <module path="C:\Windows\SYSTEM32\winmmbase.dll" address="0x7fff5dd90000" size="0x29000" version="10.0.22621.1"/>
    <module path="C:\Windows\SYSTEM32\msdmo.dll" address="0x7ffed7690000" size="0xb000" version="10.0.22621.1"/>
    <module path="C:\Windows\SYSTEM32\UMPDC.dll" address="0x7fff70a70000" size="0x13000" version="10.0.22621.1"/>
    <module path="C:\Windows\SYSTEM32\wdmaud.drv" address="0x7fff29920000" size="0x46000" version="10.0.22621.1"/>
    <module path="C:\Windows\SYSTEM32\AVRT.dll" address="0x7fff6ad90000" size="0xb000" version="10.0.22621.2706"/>
    <module path="C:\Windows\SYSTEM32\ksuser.dll" address="0x7ffec1a70000" size="0x9000" version="10.0.22621.1"/>
    <module path="C:\Windows\SYSTEM32\AUDIOSES.DLL" address="0x7fff5f300000" size="0x1ec000" version="10.0.22621.2706"/>
    <module path="C:\Windows\SYSTEM32\msacm32.drv" address="0x7fff376a0000" size="0xe000" version="10.0.22621.2706"/>
    <module path="C:\Windows\SYSTEM32\MSACM32.dll" address="0x7fff2dcc0000" size="0x1e000" version="10.0.22621.1"/>
    <module path="C:\Windows\SYSTEM32\midimap.dll" address="0x7fff2ee60000" size="0xb000" version="10.0.22621.2706"/>
    <module path="C:\Windows\SYSTEM32\mfreadwrite.dll" address="0x7ffed7e10000" size="0x11f000" version="10.0.22621.2706"/>
    <module path="C:\Windows\SYSTEM32\d3d11.dll" address="0x7fff6d9f0000" size="0x257000" version="10.0.22621.2706"/>
    <module path="C:\Windows\SYSTEM32\dxgi.dll" address="0x7fff6f210000" size="0xf8000" version="10.0.22621.2706"/>
    <module path="C:\Windows\System32\MSCTF.dll" address="0x7fff744b0000" size="0x150000" version="10.0.22621.2706"/>
    <module path="C:\Windows\SYSTEM32\dwmapi.dll" address="0x7fff6f320000" size="0x2b000" version="10.0.22621.2771"/>
    <module path="C:\Windows\SYSTEM32\textinputframework.dll" address="0x7fff53dd0000" size="0x14a000" version="10.0.22621.2706"/>
    <module path="C:\Windows\SYSTEM32\CoreMessaging.dll" address="0x7fff6e4b0000" size="0x133000" version="10.0.22621.2706"/>
    <module path="C:\Windows\SYSTEM32\CoreUIComponents.dll" address="0x7fff69ff0000" size="0x36c000" version="10.0.22621.2706"/>
    <module path="C:\Windows\SYSTEM32\wintypes.dll" address="0x7fff6fa20000" size="0x13e000" version="10.0.22621.2706"/>
    <module path="C:\Windows\SYSTEM32\windows.storage.dll" address="0x7fff6fb60000" size="0x8f6000" version="10.0.22621.2771"/>
    <module path="C:\Windows\SYSTEM32\WindowsCodecs.dll" address="0x7fff6cbe0000" size="0x1b0000" version="10.0.22621.2706"/>
    <module path="C:\Windows\SYSTEM32\profapi.dll" address="0x7fff71bb0000" size="0x26000" version="10.0.22621.2706"/>
    <module path="C:\Windows\SYSTEM32\TextShaping.dll" address="0x7fff38000000" size="0xb0000" version="10.0.22621.2706"/>
    <module path="C:\Windows\system32\explorerframe.dll" address="0x7fff2f7d0000" size="0x2a9000" version="10.0.22621.2706"/>
    <module path="C:\Windows\system32\mswsock.dll" address="0x7fff711b0000" size="0x69000" version="10.0.22621.2706"/>
    <module path="C:\Windows\SYSTEM32\DNSAPI.dll" address="0x7fff707a0000" size="0xf9000" version="10.0.22621.2706"/>
    <module path="C:\Windows\System32\NSI.dll" address="0x7fff72b20000" size="0x9000" version="10.0.22621.1"/>
    <module path="C:\Program Files\Bonjour\mdnsNSP.dll" address="0x69150000" size="0x35000" version="2.0.2.0"/>
    <module path="C:\Windows\System32\rasadhlp.dll" address="0x7fff68bd0000" size="0xa000" version="10.0.22621.1"/>
    <module path="C:\Windows\System32\fwpuclnt.dll" address="0x7fff68fd0000" size="0x83000" version="10.0.22621.2706"/>
    <module path="C:\Windows\System32\AppXDeploymentClient.dll" address="0x7fff6b550000" size="0x135000" version="10.0.22621.2706"/>
    <module path="C:\Windows\System32\DriverStore\FileRepository\nv_dispi.inf_amd64_677da8a9230cea15\nvoglv64.dll" address="0x7ffe4bf20000" size="0x2bec000" version="31.0.15.4601"/>
    <module path="C:\Windows\SYSTEM32\WTSAPI32.dll" address="0x7fff70ae0000" size="0x14000" version="10.0.22621.1"/>
    <module path="C:\Windows\SYSTEM32\cryptnet.dll" address="0x7fff68d90000" size="0x32000" version="10.0.22621.1"/>
    <module path="C:\Windows\SYSTEM32\drvstore.dll" address="0x7fff68c30000" size="0x158000" version="10.0.22621.2706"/>
    <module path="C:\Windows\SYSTEM32\wldp.dll" address="0x7fff714f0000" size="0x4b000" version="10.0.22621.2706"/>
    <module path="C:\Windows\System32\imagehlp.dll" address="0x7fff739f0000" size="0x1f000" version="10.0.22621.1"/>
    <module path="C:\Windows\SYSTEM32\gpapi.dll" address="0x7fff71220000" size="0x26000" version="10.0.22621.2706"/>
    <module path="C:\Windows\System32\DriverStore\FileRepository\nv_dispi.inf_amd64_677da8a9230cea15\nvgpucomp64.dll" address="0x7fff5fac0000" size="0x21ee000" version="31.0.15.4601"/>
    <module path="C:\Windows\SYSTEM32\ntmarta.dll" address="0x7fff70d50000" size="0x34000" version="10.0.22621.1"/>
    <module path="C:\Windows\system32\nvspcap64.dll" address="0x7ffeb75c0000" size="0x2d1000" version="3.27.0.120"/>
    <module path="C:\Windows\SYSTEM32\WINSTA.dll" address="0x7fff70700000" size="0x66000" version="10.0.22621.2706"/>
    <module path="C:\Windows\system32\dataexchange.dll" address="0x7fff377f0000" size="0x5e000" version="10.0.22621.2706"/>
    <module path="C:\Windows\system32\twinapi.appcore.dll" address="0x7fff6a7b0000" size="0x288000" version="10.0.22621.2771"/>
    <module path="C:\Program Files\Common Files\microsoft shared\ink\tiptsf.dll" address="0x7fff4c0e0000" size="0xa0000" version="10.0.22621.2706"/>
    <module path="C:\Windows\SYSTEM32\WINNSI.DLL" address="0x7fff6f350000" size="0xd000" version="10.0.22621.1"/>
    <module path="C:\Windows\SYSTEM32\dhcpcsvc.DLL" address="0x7fff69de0000" size="0x1f000" version="10.0.22621.2706"/>
    <module path="C:\Windows\SYSTEM32\d2d1.dll" address="0x7fff6d400000" size="0x5ee000" version="10.0.22621.2706"/>
    <module path="C:\Windows\SYSTEM32\dwrite.dll" address="0x7fff6d180000" size="0x273000" version="10.0.22621.2706"/>
    <module path="C:\Windows\system32\napinsp.dll" address="0x7fff42de0000" size="0x17000" version="10.0.22621.1"/>
    <module path="C:\Windows\system32\pnrpnsp.dll" address="0x7fff43290000" size="0x1b000" version="10.0.22621.1"/>
    <module path="C:\Windows\System32\winrnr.dll" address="0x7fff43440000" size="0x11000" version="10.0.22621.1"/>
    <module path="C:\Windows\system32\wshbth.dll" address="0x7fff6ad50000" size="0x15000" version="10.0.22621.2706"/>
    <module path="C:\Windows\system32\nlansp_c.dll" address="0x7fff3e990000" size="0x21000" version="10.0.22621.2706"/>
    <module path="C:\Windows\SYSTEM32\dbghelp.dll" address="0x7fff665c0000" size="0x233000" version="10.0.22621.2706"/>
    <module path="C:\Windows\SYSTEM32\dbgcore.DLL" address="0x7fff4e2b0000" size="0x32000" version="10.0.22621.1"/>
  </modules>
  <context>
    <exception code="0xc0000005" name="ACCESS_VIOLATION" address="0x7ff707ceb594"/>
  </context>
  <stack>
    <frame level="0" function="pcre2_get_mark_16" offset="0x60e824" address="0x7ff707ceb594"/>
    <frame level="1" function="pcre2_get_mark_16" offset="0x627bf3" address="0x7ff707d04963"/>
    <frame level="2" function="pcre2_get_mark_16" offset="0x5c6d2c" address="0x7ff707ca3a9c"/>
    <frame level="3" function="pcre2_get_mark_16" offset="0x4edf18" address="0x7ff707bcac88"/>
    <frame level="4" function="pcre2_get_mark_16" offset="0x4e0be4" address="0x7ff707bbd954"/>
    <frame level="5" function="pcre2_get_mark_16" offset="0x8e238b" address="0x7ff707fbf0fb"/>
    <frame level="6" function="pcre2_get_mark_16" offset="0x8e1289" address="0x7ff707fbdff9"/>
    <frame level="7" function="pcre2_get_mark_16" offset="0xa8cbba" address="0x7ff70816992a"/>
    <frame level="8" function="pcre2_get_mark_16" offset="0xa8bac5" address="0x7ff708168835"/>
    <frame level="9" function="pcre2_get_mark_16" offset="0xa8c14e" address="0x7ff708168ebe"/>
    <frame level="10" function="pcre2_get_mark_16" offset="0xa98d07" address="0x7ff708175a77"/>
    <frame level="11" function="pcre2_get_startchar_16" offset="0x44ef4" address="0x7ff708209fe4"/>
    <frame level="12" function="pcre2_get_startchar_16" offset="0x4512a" address="0x7ff70820a21a"/>
    <frame level="13" function="pcre2_get_mark_16" offset="0xa97f77" address="0x7ff708174ce7"/>
    <frame level="14" function="pcre2_get_startchar_16" offset="0x3dd4c" address="0x7ff708202e3c"/>
    <frame level="15" function="pcre2_get_mark_16" offset="0xab5998" address="0x7ff708192708"/>
    <frame level="16" function="pcre2_set_substitute_callout_16" offset="0x32a37e" address="0x7ff7085c2d6e"/>
    <frame level="17" function="BaseThreadInitThunk" offset="0x1d" address="0x7fff7375257d"/>
    <frame level="18" function="RtlUserThreadStart" offset="0x28" address="0x7fff7496aa58"/>
  </stack>
</report>
